timestamp,Numero de pasajeros,Eventos especiales,Dia de la semana,Flujo de personas,Flujo de choferes,Clima
2024-04-22 06:00:00,2,0,0,6,2,0
2024-04-22 06:15:00,0,0,0,4,2,0
2024-04-22 06:30:00,0,0,0,4,4,0
2024-04-22 06:45:00,2,0,0,5,6,0
2024-04-22 07:00:00,3,0,0,4,9,0
2024-04-22 07:15:00,8,0,0,14,11,0
2024-04-22 07:30:00,11,0,0,19,14,0
2024-04-22 07:45:00,2,0,0,6,16,0
2024-04-22 08:00:00,0,0,0,4,15,0
2024-04-22 08:15:00,0,0,0,4,7,0
2024-04-22 08:30:00,0,0,0,8,8,0
2024-04-22 08:45:00,4,0,0,16,11,0
2024-04-22 09:00:00,4,0,0,16,12,0
2024-04-22 09:15:00,2,0,0,16,14,0
2024-04-22 09:30:00,0,0,0,15,16,0
2024-04-22 09:45:00,0,0,0,15,13,0
2024-04-22 10:00:00,3,0,0,15,16,0
2024-04-22 10:15:00,2,0,0,15,9,0
2024-04-22 10:30:00,0,0,0,20,15,0
2024-04-22 10:45:00,9,0,0,20,9,0
2024-04-22 11:00:00,8,0,0,20,5,0
2024-04-22 11:15:00,5,0,0,20,11,0
2024-04-22 11:30:00,0,0,0,22,14,0
2024-04-22 11:45:00,0,0,0,22,16,0
2024-04-22 12:00:00,0,0,0,22,6,0
2024-04-22 12:15:00,2,0,0,15,6,0
2024-04-22 12:30:00,6,0,0,15,5,0
2024-04-22 12:45:00,5,0,0,15,10,0
2024-04-22 13:00:00,12,0,0,24,10,0
2024-04-22 13:15:00,9,0,0,24,10,0
2024-04-22 13:30:00,15,0,0,24,10,0
2024-04-22 13:45:00,10,0,0,24,12,0
2024-04-22 14:00:00,7,0,0,22,12,0
2024-04-22 14:15:00,3,0,0,18,15,0
2024-04-22 14:30:00,0,0,0,18,12,0
2024-04-22 14:45:00,2,0,0,15,12,0
2024-04-22 15:00:00,0,0,0,15,10,0
2024-04-22 15:15:00,1,0,0,15,9,0
2024-04-22 15:30:00,0,0,0,15,10,0
2024-04-22 15:45:00,0,0,0,15,10,0
2024-04-22 16:00:00,0,0,0,14,9,0
2024-04-22 16:15:00,2,0,0,14,8,0
2024-04-22 16:30:00,4,0,0,14,8,0
2024-04-22 16:45:00,0,0,0,13,8,0
2024-04-22 17:00:00,3,0,0,13,12,0
2024-04-22 17:15:00,5,0,0,16,12,0
2024-04-22 17:30:00,6,0,0,16,14,0
2024-04-22 17:45:00,6,0,0,16,11,0
2024-04-22 18:00:00,1,0,0,16,16,0
2024-04-22 18:15:00,5,0,0,19,12,0
2024-04-22 18:30:00,6,0,0,19,10,0
2024-04-22 18:45:00,15,0,0,30,4,0
2024-04-22 19:00:00,20,0,0,30,3,0
2024-04-22 19:15:00,10,0,0,25,5,0
2024-04-22 19:30:00,0,0,0,30,17,0
2024-04-22 19:45:00,0,0,0,20,10,0
2024-04-22 20:00:00,28,0,0,50,2,0
2024-04-22 20:15:00,15,0,0,40,2,0
2024-04-22 20:30:00,11,0,0,35,3,0
2024-04-22 20:45:00,4,0,0,35,12,0
2024-04-22 21:00:00,8,0,0,35,18,0
2024-04-22 21:15:00,12,0,0,40,20,0
2024-04-22 21:30:00,14,0,0,38,4,0
2024-04-22 21:45:00,20,0,0,35,4,0
2024-04-22 22:00:00,16,0,0,30,6,0
2024-04-22 22:15:00,10,0,0,30,5,0
2024-04-22 22:30:00,14,0,0,30,4,0
2024-04-22 22:45:00,8,0,0,20,4,0
2024-04-22 23:00:00,0,0,0,15,3,0
2024-04-22 23:15:00,0,0,0,10,3,0
2024-04-22 23:30:00,0,0,0,6,3,0
2024-04-22 23:45:00,0,0,0,5,2,0
2024-04-22 00:00:00,0,0,0,2,0,0
2024-04-23 06:00:00,2,0,1,4,2,0
2024-04-23 06:15:00,0,0,1,3,2,0
2024-04-23 06:30:00,0,0,1,6,3,0
2024-04-23 06:45:00,3,0,1,8,3,0
2024-04-23 07:00:00,0,0,1,12,3,0
2024-04-23 07:15:00,0,0,1,8,4,0
2024-04-23 07:30:00,0,0,1,8,4,0
2024-04-23 07:45:00,2,0,1,10,8,0
2024-04-23 08:00:00,0,0,1,10,8,0
2024-04-23 08:15:00,10,0,1,22,3,0
2024-04-23 08:30:00,0,0,1,16,10,0
2024-04-23 08:45:00,0,0,1,12,8,0
2024-04-23 09:00:00,4,0,1,13,8,0
2024-04-23 09:15:00,10,0,1,14,9,0
2024-04-23 09:30:00,0,0,1,13,15,0
2024-04-23 09:45:00,1,0,1,13,12,0
2024-04-23 10:00:00,3,0,1,11,12,0
2024-04-23 10:15:00,8,0,1,11,12,0
2024-04-23 10:30:00,0,0,1,16,7,0
2024-04-23 10:45:00,2,0,1,12,5,0
2024-04-23 11:00:00,7,0,1,12,5,0
2024-04-23 11:15:00,2,0,1,12,8,0
2024-04-23 11:30:00,0,0,1,11,11,0
2024-04-23 11:45:00,0,0,1,12,11,0
2024-04-23 12:00:00,1,0,1,20,10,0
2024-04-22 12:15:00,3,0,1,20,12,0
2024-04-23 12:30:00,0,0,1,25,12,0
2024-04-23 12:45:00,0,0,1,25,15,0
2024-04-23 13:00:00,7,0,1,25,15,0
2024-04-23 13:15:00,5,0,1,17,15,0
2024-04-23 13:30:00,10,0,1,16,15,0
2024-04-23 13:45:00,12,0,1,17,15,0
2024-04-23 14:00:00,7,0,1,12,13,0
2024-04-23 14:15:00,0,0,1,13,12,0
2024-04-23 14:30:00,0,0,1,13,15,0
2024-04-23 14:45:00,0,0,1,11,12,0
2024-04-23 15:00:00,0,0,1,11,12,0
2024-04-23 15:15:00,2,0,1,12,10,0
2024-04-23 15:30:00,0,0,1,12,9,0
2024-04-23 15:45:00,3,0,1,13,10,0
2024-04-23 16:00:00,1,0,1,11,10,0
2024-04-23 16:15:00,0,0,1,11,9,0
2024-04-23 16:30:00,0,0,1,12,8,0
2024-04-23 16:45:00,5,0,1,12,8,0
2024-04-23 17:00:00,7,0,1,11,6,0
2024-04-23 17:15:00,2,0,1,11,4,0
2024-04-23 17:30:00,4,0,1,10,6,0
2024-04-23 17:45:00,0,0,1,16,14,0
2024-04-23 18:00:00,0,0,1,22,10,0
2024-04-23 18:15:00,0,0,1,22,15,0
2024-04-23 18:30:00,0,0,1,22,13,0
2024-04-22 18:45:00,0,0,1,22,10,0
2024-04-23 19:00:00,2,0,1,17,8,0
2024-04-23 19:15:00,4,0,1,22,14,0
2024-04-23 19:30:00,6,0,1,30,16,0
2024-04-23 19:45:00,11,0,1,35,18,0
2024-04-23 20:00:00,15,0,1,27,5,0
2024-04-23 20:15:00,8,0,1,26,5,0
2024-04-23 20:30:00,2,0,1,19,5,0
2024-04-23 20:45:00,0,0,1,19,13,0
2024-04-23 21:00:00,3,0,1,28,15,0
2024-04-23 21:15:00,15,0,1,35,20,0
2024-04-23 21:30:00,10,0,1,29,15,0
2024-04-23 21:45:00,8,0,1,30,10,0
2024-04-23 22:00:00,0,0,1,26,9,0
2024-04-23 22:15:00,12,0,1,28,6,0
2024-04-23 22:30:00,14,0,1,27,6,0
2024-04-23 22:45:00,2,0,1,20,6,0
2024-04-23 23:00:00,4,0,1,12,4,0
2024-04-23 23:15:00,4,0,1,11,4,0
2024-04-23 23:30:00,0,0,1,6,3,0
2024-04-23 23:45:00,0,0,1,2,2,0
2024-04-23 00:00:00,0,0,1,2,0,0
2024-04-24 06:00:00,0,0,2,1,2,0
2024-04-24 06:15:00,0,0,2,2,3,0
2024-04-24 06:30:00,0,0,2,2,3,0
2024-04-24 06:45:00,0,0,2,3,3,0
2024-04-24 07:00:00,0,0,2,5,4,0
2024-04-24 07:15:00,3,0,2,12,5,0
2024-04-24 07:30:00,5,0,2,16,10,0
2024-04-24 07:45:00,7,0,2,20,15,0
2024-04-24 08:00:00,6,0,2,20,17,0
2024-04-24 08:15:00,15,0,2,25,14,0
2024-04-24 08:30:00,0,0,2,14,10,0
2024-04-24 08:45:00,6,0,2,15,10,0
2024-04-24 09:00:00,9,0,2,14,10,0
2024-04-24 09:15:00,0,0,2,20,12,0
2024-04-24 09:30:00,0,0,2,13,15,0
2024-04-24 09:45:00,3,0,2,13,12,0
2024-04-24 10:00:00,1,0,2,11,12,0
2024-04-24 10:15:00,0,0,2,12,15,0
2024-04-24 10:30:00,9,0,2,11,13,0
2024-04-24 10:45:00,0,0,2,10,13,0
2024-04-24 11:00:00,4,0,2,11,12,0
2024-04-24 11:15:00,9,0,2,10,11,0
2024-04-24 11:30:00,3,0,2,13,10,0
2024-04-24 11:45:00,0,0,2,11,9,0
2024-04-24 12:00:00,8,0,2,17,9,0
2024-04-24 12:15:00,10,0,2,16,9,0
2024-04-24 12:30:00,14,0,2,16,10,0
2024-04-24 12:45:00,2,0,2,15,10,0
2024-04-24 13:00:00,0,0,2,16,10,0
2024-04-24 13:15:00,0,0,2,17,12,0
2024-04-24 13:30:00,2,0,2,16,12,0
2024-04-24 13:45:00,0,0,2,14,12,0
2024-04-24 14:00:00,0,0,2,18,12,0
2024-04-24 14:15:00,0,0,2,11,14,0
2024-04-24 14:30:00,5,0,2,12,8,0
2024-04-24 14:45:00,7,0,2,11,7,0
2024-04-24 15:00:00,3,0,2,10,12,0
2024-04-24 15:15:00,0,0,2,11,13,0
2024-04-24 15:30:00,0,0,2,10,13,0
2024-04-24 15:45:00,0,0,2,11,14,0
2024-04-24 16:00:00,12,0,2,13,13,0
2024-04-24 16:15:00,4,0,2,11,11,0
2024-04-24 16:30:00,0,0,2,11,7,0
2024-04-24 16:45:00,3,0,2,11,7,0
2024-04-24 17:00:00,2,0,2,11,8,0
2024-04-24 17:15:00,0,0,2,9,15,0
2024-04-24 17:30:00,0,0,2,10,8,0
2024-04-24 17:45:00,0,0,2,9,7,0
2024-04-24 18:00:00,3,0,2,14,7,0
2024-04-24 18:15:00,0,0,2,14,6,0
2024-04-24 18:30:00,0,0,2,15,6,0
2024-04-24 18:45:00,0,0,2,16,9,0
2024-04-24 19:00:00,0,0,2,18,14,0
2024-04-24 19:15:00,0,0,2,19,18,0
2024-04-24 19:30:00,6,0,2,20,11,0
2024-04-24 19:45:00,3,0,2,22,10,0
2024-04-24 20:00:00,9,0,2,24,10,0
2024-04-24 20:15:00,20,0,2,27,9,0
2024-04-24 20:30:00,25,0,2,25,9,0
2024-04-24 20:45:00,0,0,2,29,18,0
2024-04-24 21:00:00,6,0,2,30,15,0
2024-04-24 21:15:00,11,0,2,35,12,0
2024-04-24 21:30:00,15,0,2,35,12,0
2024-04-24 21:45:00,8,0,2,30,10,0
2024-04-24 22:00:00,12,0,2,30,7,0
2024-04-24 22:15:00,4,0,2,29,5,0
2024-04-24 22:30:00,9,0,2,22,5,0
2024-04-24 22:45:00,2,0,2,16,4,0
2024-04-24 23:00:00,0,0,2,11,2,0
2024-04-24 23:15:00,0,0,2,7,2,0
2024-04-24 23:30:00,2,0,2,3,2,0
2024-04-24 23:45:00,0,0,2,2,2,0
2024-04-24 00:00:00,0,0,2,2,0,0
2024-04-25 06:00:00,3,0,3,4,2,0
2024-04-25 06:15:00,1,0,3,3,2,0
2024-04-25 06:30:00,0,0,3,3,2,0
2024-04-25 06:45:00,2,0,3,7,4,0
2024-04-25 07:00:00,0,0,3,12,4,0
2024-04-25 07:15:00,0,0,3,12,5,0
2024-04-25 07:30:00,0,0,3,16,12,0
2024-04-25 07:45:00,0,0,3,14,11,0
2024-04-25 08:00:00,2,0,3,30,20,0
2024-04-25 08:15:00,4,0,3,22,18,0
2024-04-25 08:30:00,3,0,3,15,10,0
2024-04-25 08:45:00,0,0,3,14,5,0
2024-04-25 09:00:00,5,0,3,12,2,0
2024-04-25 09:15:00,7,0,3,11,2,0
2024-04-25 09:30:00,9,0,3,16,2,0
2024-04-25 09:45:00,6,0,3,13,7,0
2024-04-25 10:00:00,10,0,3,18,10,0
2024-04-25 10:15:00,6,0,3,15,2,0
2024-04-25 10:30:00,11,0,3,18,2,0
2024-04-25 10:45:00,12,0,3,18,4,0
2024-04-25 11:00:00,11,0,3,14,3,0
2024-04-25 11:15:00,8,0,3,15,2,0
2024-04-25 11:30:00,20,0,3,15,2,0
2024-04-25 11:45:00,12,0,3,15,2,0
2024-04-25 12:00:00,15,0,3,14,3,0
2024-04-25 12:15:00,8,0,3,12,4,0
2024-04-25 12:30:00,4,0,3,10,6,0
2024-04-25 12:45:00,6,0,3,11,10,0
2024-04-25 13:00:00,6,0,3,12,9,0
2024-04-25 13:15:00,9,0,3,10,9,0
2024-04-25 13:30:00,4,0,3,11,9,0
2024-04-25 13:45:00,7,0,3,11,9,0
2024-04-25 14:00:00,5,0,3,10,7,0
2024-04-25 14:15:00,5,0,3,10,7,0
2024-04-25 14:30:00,7,0,3,11,9,0
2024-04-25 14:45:00,7,0,3,9,9,0
2024-04-25 15:00:00,5,0,3,8,9,0
2024-04-25 15:15:00,3,0,3,9,9,0
2024-04-25 15:30:00,6,0,3,9,9,0
2024-04-25 15:45:00,8,0,3,10,9,0
2024-04-25 16:00:00,5,0,3,9,11,0
2024-04-25 16:15:00,4,0,3,8,14,0
2024-04-25 16:30:00,7,0,3,7,20,0
2024-04-25 16:45:00,8,0,3,10,14,0
2024-04-25 17:00:00,2,0,3,10,14,0
2024-04-25 17:15:00,0,0,3,8,10,0
2024-04-25 17:30:00,0,0,3,8,16,0
2024-04-25 17:45:00,0,0,3,9,11,0
2024-04-25 18:00:00,18,0,3,28,14,0
2024-04-25 18:15:00,20,0,3,26,14,0
2024-04-25 18:30:00,15,0,3,20,14,0
2024-04-25 18:45:00,14,0,3,20,15,0
2024-04-25 19:00:00,0,0,3,13,20,0
2024-04-25 19:15:00,0,0,3,13,17,0
2024-04-25 19:30:00,15,0,3,18,15,0
2024-04-25 19:45:00,8,0,3,22,15,0
2024-04-25 20:00:00,11,0,3,21,11,0
2024-04-25 20:15:00,23,0,3,30,9,0
2024-04-25 20:30:00,15,0,3,28,9,0
2024-04-25 20:45:00,0,0,3,25,11,0
2024-04-25 21:00:00,0,0,3,30,4,0
2024-04-25 21:15:00,0,0,3,32,6,0
2024-04-25 21:30:00,2,0,3,29,15,0
2024-04-25 21:45:00,5,0,3,33,12,0
2024-04-25 22:00:00,15,0,3,29,11,0
2024-04-25 22:15:00,12,0,3,25,8,0
2024-04-25 22:30:00,6,0,3,23,6,0
2024-04-25 22:45:00,11,0,3,28,4,0
2024-04-25 23:00:00,4,0,3,20,3,0
2024-04-25 23:15:00,0,0,3,7,3,0
2024-04-25 23:30:00,0,0,3,4,2,0
2024-04-25 23:45:00,0,0,3,2,2,0
2024-04-25 00:00:00,0,0,3,0,0,0
2024-04-26 06:00:00,2,0,4,3,2,0
2024-04-26 06:15:00,1,0,4,3,4,0
2024-04-26 06:30:00,0,0,4,3,4,0
2024-04-26 06:45:00,0,0,4,4,6,0
2024-04-26 07:00:00,0,0,4,6,9,0
2024-04-26 07:15:00,0,0,4,8,10,0
2024-04-26 07:30:00,0,0,4,12,19,0
2024-04-26 07:45:00,0,0,4,11,15,0
2024-04-26 08:00:00,3,0,4,12,9,0
2024-04-26 08:15:00,0,0,4,12,10,0
2024-04-26 08:30:00,0,0,4,14,11,0
2024-04-26 08:45:00,3,0,4,14,8,0
2024-04-26 09:00:00,9,0,4,15,8,0
2024-04-26 09:15:00,12,0,4,16,8,0
2024-04-26 09:30:00,18,0,4,20,9,0
2024-04-26 09:45:00,8,0,4,12,9,0
2024-04-26 10:00:00,6,0,4,10,8,0
2024-04-26 10:15:00,0,0,4,8,8,0
2024-04-26 10:30:00,0,0,4,8,10,0
2024-04-26 10:45:00,0,0,4,11,15,0
2024-04-26 11:00:00,4,0,4,12,16,0
2024-04-26 11:15:00,6,0,4,11,18,0
2024-04-26 11:30:00,2,0,4,8,20,0
2024-04-26 11:45:00,0,0,4,7,20,0
2024-04-26 12:00:00,0,0,4,12,17,0
2024-04-26 12:15:00,4,0,4,14,12,0
2024-04-26 12:30:00,8,0,4,15,10,0
2024-04-26 12:45:00,3,0,4,15,12,0
2024-04-26 13:00:00,0,0,4,16,15,0
2024-04-26 13:15:00,0,0,4,10,15,0
2024-04-26 13:30:00,4,0,4,9,10,0
2024-04-26 13:45:00,6,0,4,10,9,0
2024-04-26 14:00:00,0,0,4,8,14,0
2024-04-26 14:15:00,0,0,4,9,14,0
2024-04-26 14:30:00,4,0,4,11,8,0
2024-04-26 14:45:00,6,0,4,10,8,0
2024-04-26 15:00:00,2,0,4,8,11,0
2024-04-26 15:15:00,0,0,4,9,11,0
2024-04-26 15:30:00,0,0,4,9,12,0
2024-04-26 15:45:00,0,0,4,8,12,0
2024-04-26 16:00:00,0,0,4,8,15,0
2024-04-26 16:15:00,0,0,4,9,18,0
2024-04-26 16:30:00,5,0,4,11,14,0
2024-04-26 16:45:00,7,0,4,10,5,0
2024-04-26 17:00:00,3,0,4,11,5,0
2024-04-26 17:15:00,0,0,4,10,11,0
2024-04-26 17:30:00,3,0,4,11,2,0
2024-04-26 17:45:00,6,0,4,10,2,0
2024-04-26 18:00:00,4,0,4,9,14,0
2024-04-26 18:15:00,9,0,4,12,10,0
2024-04-26 18:30:00,18,0,4,20,10,0
2024-04-26 18:45:00,5,0,4,16,15,0
2024-04-26 19:00:00,3,0,4,16,10,0
2024-04-26 19:15:00,0,0,4,14,19,0
2024-04-26 19:30:00,7,0,4,13,4,0
2024-04-26 19:45:00,20,0,4,28,4,0
2024-04-26 20:00:00,29,0,4,32,4,0
2024-04-26 20:15:00,0,0,4,22,10,0
2024-04-26 20:30:00,0,0,4,23,19,0
2024-04-26 20:45:00,0,0,4,25,20,0
2024-04-26 21:00:00,2,0,4,33,14,0
2024-04-26 21:15:00,6,0,4,28,9,0
2024-04-26 21:30:00,9,0,4,26,9,0
2024-04-26 21:45:00,13,0,4,29,5,0
2024-04-26 22:00:00,11,0,4,25,5,0
2024-04-26 22:15:00,15,0,4,29,5,0
2024-04-26 22:30:00,7,0,4,11,4,0
2024-04-26 22:45:00,2,0,4,10,4,0
2024-04-26 23:00:00,0,0,4,10,2,0
2024-04-26 23:15:00,0,0,4,5,2,0
2024-04-26 23:30:00,0,0,4,3,2,0
2024-04-26 23:45:00,0,0,4,2,1,0
2024-04-26 00:00:00,0,0,4,0,0,0
2024-04-27 06:00:00,0,0,5,1,0,0
2024-04-27 06:15:00,0,0,5,1,1,0
2024-04-27 06:30:00,3,0,5,4,2,0
2024-04-27 06:45:00,0,0,5,2,4,0
2024-04-27 07:00:00,10,0,5,11,7,0
2024-04-27 07:15:00,6,0,5,9,8,0
2024-04-27 07:30:00,10,0,5,12,10,0
2024-04-27 07:45:00,0,0,5,6,15,0
2024-04-27 08:00:00,0,0,5,4,16,0
2024-04-27 08:15:00,0,0,5,4,16,0
2024-04-27 08:30:00,0,0,5,6,16,0
2024-04-27 08:45:00,0,0,5,6,16,0
2024-04-27 09:00:00,0,0,5,4,16,0
2024-04-27 09:15:00,0,0,5,4,16,0
2024-04-27 09:30:00,0,0,5,6,16,0
2024-04-27 09:45:00,0,0,5,8,12,0
2024-04-27 10:00:00,4,0,5,7,5,0
2024-04-27 10:15:00,6,0,5,7,5,0
2024-04-27 10:30:00,10,0,5,12,5,0
2024-04-27 10:45:00,15,0,5,18,6,0
2024-04-27 11:00:00,21,0,5,25,6,0
2024-04-27 11:15:00,10,0,5,14,6,0
2024-04-27 11:30:00,15,0,5,18,6,0
2024-04-27 11:45:00,6,0,5,11,8,0
2024-04-27 12:00:00,0,0,5,9,10,0
2024-04-27 12:15:00,0,0,5,7,10,0
2024-04-27 12:30:00,0,0,5,7,10,0
2024-04-27 12:45:00,0,0,5,5,6,0
2024-04-27 13:00:00,2,0,5,5,6,0
2024-04-27 13:15:00,6,0,5,8,5,0
2024-04-27 13:30:00,10,0,5,13,5,0
2024-04-27 13:45:00,10,0,5,13,6,0
2024-04-27 14:00:00,15,0,5,16,6,0
2024-04-27 14:15:00,18,0,5,20,7,0
2024-04-27 14:30:00,18,0,5,20,7,0
2024-04-27 14:45:00,15,0,5,17,5,0
2024-04-27 15:00:00,12,0,5,14,5,0
2024-04-27 15:15:00,12,0,5,14,5,0
2024-04-27 15:30:00,10,0,5,12,5,0
2024-04-27 15:45:00,18,0,5,19,7,0
2024-04-27 16:00:00,12,0,5,17,7,0
2024-04-27 16:15:00,0,0,5,8,6,0
2024-04-27 16:30:00,0,0,5,8,6,0
2024-04-27 16:45:00,0,0,5,6,4,0
2024-04-27 17:00:00,0,0,5,6,4,0
2024-04-27 17:15:00,7,0,5,9,4,0
2024-04-27 17:30:00,5,0,5,8,8,0
2024-04-27 17:45:00,5,0,5,6,8,0
2024-04-27 18:00:00,8,0,5,9,3,0
2024-04-27 18:15:00,8,0,5,11,10,0
2024-04-27 18:30:00,12,0,5,14,10,0
2024-04-27 18:45:00,12,0,5,13,8,0
2024-04-27 19:00:00,11,0,5,13,8,0
2024-04-27 19:15:00,9,0,5,10,8,0
2024-04-27 19:30:00,10,0,5,13,8,0
2024-04-27 19:45:00,6,0,5,13,8,0
2024-04-27 20:00:00,6,0,5,14,8,0
2024-04-27 20:15:00,7,0,5,11,6,0
2024-04-27 20:30:00,8,0,5,13,6,0
2024-04-27 20:45:00,4,0,5,9,4,0
2024-04-27 21:00:00,0,0,5,7,4,0
2024-04-27 21:15:00,0,0,5,7,4,0
2024-04-27 21:30:00,0,0,5,6,5,0
2024-04-27 21:45:00,0,0,5,6,5,0
2024-04-27 22:00:00,0,0,5,6,5,0
2024-04-27 22:15:00,0,0,5,5,4,0
2024-04-27 22:30:00,0,0,5,5,3,0
2024-04-27 22:45:00,0,0,5,7,1,0
2024-04-27 23:00:00,0,0,5,3,1,0
2024-04-27 23:15:00,0,0,5,1,0,0
2024-04-27 23:30:00,0,0,5,1,0,0
2024-04-27 23:45:00,0,0,5,1,0,0
2024-04-27 00:00:00,0,0,5,0,0,0
2024-04-28 06:00:00,0,0,6,0,0,0
2024-04-28 06:15:00,0,0,6,0,0,0
2024-04-28 06:30:00,0,0,6,0,1,0
2024-04-28 06:45:00,0,0,6,1,1,0
2024-04-28 07:00:00,0,0,6,2,3,0
2024-04-28 07:15:00,0,0,6,5,5,0
2024-04-28 07:30:00,0,0,6,7,6,0
2024-04-28 07:45:00,0,0,6,6,6,0
2024-04-28 08:00:00,0,0,6,6,8,0
2024-04-28 08:15:00,0,0,6,4,8,0
2024-04-28 08:30:00,0,0,6,7,8,0
2024-04-28 08:45:00,0,0,6,7,9,0
2024-04-28 09:00:00,0,0,6,4,10,0
2024-04-28 09:15:00,0,0,6,4,10,0
2024-04-28 09:30:00,0,0,6,5,10,0
2024-04-28 09:45:00,0,0,6,8,12,0
2024-04-28 10:00:00,6,0,6,9,11,0
2024-04-28 10:15:00,6,0,6,9,11,0
2024-04-28 10:30:00,11,0,6,14,8,0
2024-04-28 10:45:00,10,0,6,14,7,0
2024-04-28 11:00:00,8,0,6,16,7,0
2024-04-28 11:15:00,6,0,6,13,4,0
2024-04-28 11:30:00,6,0,6,13,4,0
2024-04-28 11:45:00,7,0,6,14,4,0
2024-04-28 12:00:00,0,0,6,11,6,0
2024-04-28 12:15:00,0,0,6,7,6,0
2024-04-28 12:30:00,0,0,6,7,6,0
2024-04-28 12:45:00,0,0,6,5,7,0
2024-04-28 13:00:00,0,0,6,6,8,0
2024-04-28 13:15:00,3,0,6,6,8,0
2024-04-28 13:30:00,4,0,6,10,8,0
2024-04-28 13:45:00,5,0,6,10,5,0
2024-04-28 14:00:00,3,0,6,11,5,0
2024-04-28 14:15:00,6,0,6,16,5,0
2024-04-28 14:30:00,12,0,6,14,6,0
2024-04-28 14:45:00,13,0,6,14,6,0
2024-04-28 15:00:00,11,0,6,12,6,0
2024-04-28 15:15:00,10,0,6,11,6,0
2024-04-28 15:30:00,11,0,6,11,6,0
2024-04-28 15:45:00,12,0,6,15,4,0
2024-04-28 16:00:00,6,0,6,17,4,0
2024-04-28 16:15:00,0,0,6,7,4,0
2024-04-28 16:30:00,0,0,6,7,4,0
2024-04-28 16:45:00,0,0,6,5,4,0
2024-04-28 17:00:00,0,0,6,5,4,0
2024-04-28 17:15:00,4,0,6,5,4,0
2024-04-28 17:30:00,3,0,6,7,9,0
2024-04-28 17:45:00,5,0,6,7,9,0
2024-04-28 18:00:00,6,0,6,9,9,0
2024-04-28 18:15:00,9,0,6,10,9,0
2024-04-28 18:30:00,11,0,6,13,10,0
2024-04-28 18:45:00,10,0,6,12,11,0
2024-04-28 19:00:00,10,0,6,11,11,0
2024-04-28 19:15:00,12,0,6,14,10,0
2024-04-28 19:30:00,9,0,6,11,9,0
2024-04-28 19:45:00,7,0,6,11,8,0
2024-04-28 20:00:00,7,0,6,9,5,0
2024-04-28 20:15:00,5,0,6,8,5,0
2024-04-28 20:30:00,5,0,6,8,4,0
2024-04-28 20:45:00,3,0,6,8,4,0
2024-04-28 21:00:00,0,0,6,5,3,0
2024-04-28 21:15:00,0,0,6,5,2,0
2024-04-28 21:30:00,0,0,6,5,2,0
2024-04-28 21:45:00,0,0,6,6,2,0
2024-04-28 22:00:00,0,0,6,6,2,0
2024-04-28 22:15:00,0,0,6,5,2,0
2024-04-28 22:30:00,0,0,6,2,2,0
2024-04-28 22:45:00,0,0,6,2,1,0
2024-04-28 23:00:00,0,0,6,0,0,0
2024-04-28 23:15:00,0,0,6,0,0,0
2024-04-28 23:30:00,0,0,6,0,0,0
2024-04-28 23:45:00,0,0,6,0,0,0
2024-04-28 00:00:00,0,0,6,0,0,0
2024-04-29 06:00:00,3,0,0,5,2,0
2024-04-29 06:15:00,1,0,0,2,2,0
2024-04-29 06:30:00,0,0,0,2,3,0
2024-04-29 06:45:00,0,0,0,5,5,0
2024-04-29 07:00:00,5,0,0,3,11,0
2024-04-29 07:15:00,11,0,0,13,11,0
2024-04-29 07:30:00,5,0,0,18,12,0
2024-04-29 07:45:00,0,0,0,7,13,0
2024-04-29 08:00:00,0,0,0,3,14,0
2024-04-29 08:15:00,0,0,0,3,9,0
2024-04-29 08:30:00,4,0,0,7,6,0
2024-04-29 08:45:00,6,0,0,15,13,0
2024-04-29 09:00:00,0,0,0,15,13,0
2024-04-29 09:15:00,0,0,0,12,15,0
2024-04-29 09:30:00,1,0,0,11,15,0
2024-04-29 09:45:00,4,0,0,11,15,0
2024-04-29 10:00:00,6,0,0,11,10,0
2024-04-29 10:15:00,3,0,0,11,12,0
2024-04-29 10:30:00,0,0,0,15,13,0
2024-04-29 10:45:00,0,0,0,15,8,0
2024-04-29 11:00:00,4,0,0,15,6,0
2024-04-29 11:15:00,1,0,0,15,13,0
2024-04-29 11:30:00,0,0,0,17,15,0
2024-04-29 11:45:00,2,0,0,17,15,0
2024-04-29 12:00:00,0,0,0,17,7,0
2024-04-29 12:15:00,4,0,0,12,4,0
2024-04-29 12:30:00,7,0,0,13,5,0
2024-04-29 12:45:00,5,0,0,12,8,0
2024-04-29 13:00:00,14,0,0,20,7,0
2024-04-29 13:15:00,11,0,0,20,7,0
2024-04-29 13:30:00,11,0,0,20,9,0
2024-04-29 13:45:00,14,0,0,20,11,0
2024-04-29 14:00:00,8,0,0,18,11,0
2024-04-29 14:15:00,8,0,0,16,9,0
2024-04-29 14:30:00,4,0,0,15,10,0
2024-04-29 14:45:00,0,0,0,11,11,0
2024-04-29 15:00:00,0,0,0,11,11,0
2024-04-29 15:15:00,4,0,0,11,8,0
2024-04-29 15:30:00,0,0,0,11,10,0
2024-04-29 15:45:00,0,0,0,11,11,0
2024-04-29 16:00:00,2,0,0,10,9,0
2024-04-29 16:15:00,4,0,0,12,9,0
2024-04-29 16:30:00,9,0,0,11,8,0
2024-04-29 16:45:00,2,0,0,11,8,0
2024-04-29 17:00:00,0,0,0,10,8,0
2024-04-29 17:15:00,5,0,0,12,14,0
2024-04-29 17:30:00,7,0,0,12,14,0
2024-04-29 17:45:00,7,0,0,12,14,0
2024-04-29 18:00:00,3,0,0,12,12,0
2024-04-29 18:15:00,8,0,0,15,13,0
2024-04-29 18:30:00,9,0,0,15,10,0
2024-04-29 18:45:00,17,0,0,26,5,0
2024-04-29 19:00:00,12,0,0,27,6,0
2024-04-29 19:15:00,7,0,0,26,9,0
2024-04-29 19:30:00,2,0,0,32,16,0
2024-04-29 19:45:00,0,0,0,23,13,0
2024-04-29 20:00:00,30,0,0,48,4,0
2024-04-29 20:15:00,18,0,0,42,3,0
2024-04-29 20:30:00,13,0,0,36,3,0
2024-04-29 20:45:00,5,0,0,32,14,0
2024-04-29 21:00:00,1,0,0,33,20,0
2024-04-29 21:15:00,13,0,0,38,20,0
2024-04-29 21:30:00,6,0,0,31,12,0
2024-04-29 21:45:00,7,0,0,33,12,0
2024-04-29 22:00:00,11,0,0,32,9,0
2024-04-29 22:15:00,13,0,0,35,5,0
2024-04-29 22:30:00,11,0,0,26,5,0
2024-04-29 22:45:00,7,0,0,16,4,0
2024-04-29 23:00:00,2,0,0,11,4,0
2024-04-29 23:15:00,0,0,0,8,2,0
2024-04-29 23:30:00,0,0,0,3,1,0
2024-04-29 23:45:00,0,0,0,3,1,0
2024-04-29 00:00:00,0,0,0,0,0,0
2024-04-30 06:00:00,1,0,1,3,2,0
2024-04-30 06:15:00,3,0,1,4,2,0
2024-04-30 06:30:00,0,0,1,4,3,0
2024-04-30 06:45:00,2,0,1,7,4,0
2024-04-30 07:00:00,0,0,1,10,4,0
2024-04-30 07:15:00,0,0,1,9,5,0
2024-04-30 07:30:00,0,0,1,9,7,0
2024-04-30 07:45:00,4,0,1,11,7,0
2024-04-30 08:00:00,0,0,1,11,7,0
2024-04-30 08:15:00,13,0,1,20,4,0
2024-04-30 08:30:00,3,0,1,17,13,0
2024-04-30 08:45:00,0,0,1,15,13,0
2024-04-30 09:00:00,5,0,1,15,6,0
2024-04-30 09:15:00,7,0,1,19,6,0
2024-04-30 09:30:00,2,0,1,22,13,0
2024-04-30 09:45:00,0,0,1,21,16,0
2024-04-30 10:00:00,0,0,1,16,16,0
2024-04-30 10:15:00,11,0,1,16,11,0
2024-04-30 10:30:00,0,0,1,15,9,0
2024-04-30 10:45:00,0,0,1,11,9,0
2024-04-30 11:00:00,2,0,1,11,4,0
2024-04-30 11:15:00,0,0,1,10,4,0
2024-04-30 11:30:00,0,0,1,11,9,0
2024-04-30 11:45:00,0,0,1,14,10,0
2024-04-30 12:00:00,1,0,1,20,10,0
2024-04-30 12:15:00,0,0,1,22,12,0
2024-04-30 12:30:00,0,0,1,30,11,0
2024-04-30 12:45:00,0,0,1,27,17,0
2024-04-30 13:00:00,0,0,1,27,17,0
2024-04-30 13:15:00,0,0,1,26,14,0
2024-04-30 13:30:00,2,0,1,27,14,0
2024-04-30 13:45:00,3,0,1,22,11,0
2024-04-30 14:00:00,4,0,1,16,14,0
2024-04-30 14:15:00,2,0,1,15,14,0
2024-04-30 14:30:00,0,0,1,15,14,0
2024-04-30 14:45:00,0,0,1,15,11,0
2024-04-30 15:00:00,1,0,1,15,11,0
2024-04-30 15:15:00,4,0,1,17,9,0
2024-04-30 15:30:00,0,0,1,12,9,0
2024-04-30 15:45:00,4,0,1,12,11,0
2024-04-30 16:00:00,3,0,1,12,11,0
2024-04-30 16:15:00,0,0,1,12,11,0
2024-04-30 16:30:00,0,0,1,12,7,0
2024-04-30 16:45:00,3,0,1,10,8,0
2024-04-30 17:00:00,9,0,1,11,8,0
2024-04-30 17:15:00,3,0,1,14,4,0
2024-04-30 17:30:00,6,0,1,14,7,0
2024-04-30 17:45:00,2,0,1,13,15,0
2024-04-30 18:00:00,0,0,1,23,13,0
2024-04-30 18:15:00,0,0,1,23,17,0
2024-04-30 18:30:00,0,0,1,24,14,0
2024-04-30 18:45:00,1,0,1,24,11,0
2024-04-30 19:00:00,4,0,1,22,6,0
2024-04-30 19:15:00,6,0,1,21,6,0
2024-04-30 19:30:00,6,0,1,29,13,0
2024-04-30 19:45:00,14,0,1,32,17,0
2024-04-30 20:00:00,19,0,1,33,9,0
2024-04-30 20:15:00,13,0,1,28,3,0
2024-04-30 20:30:00,3,0,1,22,3,0
2024-04-30 20:45:00,4,0,1,25,2,0
2024-04-30 21:00:00,2,0,1,29,2,0
2024-04-30 21:15:00,13,0,1,36,16,0
2024-04-30 21:30:00,8,0,1,33,14,0
2024-04-30 21:45:00,9,0,1,39,11,0
2024-04-30 22:00:00,0,0,1,28,11,0
2024-04-30 22:15:00,14,0,1,30,7,0
2024-04-30 22:30:00,16,0,1,31,5,0
2024-04-30 22:45:00,4,0,1,21,5,0
2024-04-30 23:00:00,2,0,1,10,3,0
2024-04-30 23:15:00,2,0,1,7,3,0
2024-04-30 23:30:00,0,0,1,4,3,0
2024-04-30 23:45:00,0,0,1,2,2,0
2024-04-30 00:00:00,0,0,1,0,2,0
2024-05-01 06:00:00,1,1,2,1,1,0
2024-05-01 06:15:00,1,1,2,1,2,0
2024-05-01 06:30:00,0,1,2,3,2,0
2024-05-01 06:45:00,0,1,2,4,3,0
2024-05-01 07:00:00,2,1,2,4,5,0
2024-05-01 07:15:00,4,1,2,13,5,0
2024-05-01 07:30:00,6,1,2,14,8,0
2024-05-01 07:45:00,6,1,2,12,12,0
2024-05-01 08:00:00,8,1,2,19,16,0
2024-05-01 08:15:00,17,1,2,26,13,0
2024-05-01 08:30:00,0,1,2,16,11,0
2024-05-01 08:45:00,4,1,2,19,10,0
2024-05-01 09:00:00,5,1,2,21,11,0
2024-05-01 09:15:00,0,1,2,15,11,0
2024-05-01 09:30:00,0,1,2,14,14,0
2024-05-01 09:45:00,4,1,2,15,13,0
2024-05-01 10:00:00,3,1,2,10,13,0
2024-05-01 10:15:00,0,1,2,11,16,0
2024-05-01 10:30:00,11,1,2,12,11,0
2024-05-01 10:45:00,3,1,2,13,12,0
2024-05-01 11:00:00,5,1,2,11,12,0
2024-05-01 11:15:00,9,1,2,12,9,0
2024-05-01 11:30:00,4,1,2,14,9,0
2024-05-01 11:45:00,0,1,2,15,9,0
2024-05-01 12:00:00,5,1,2,15,10,0
2024-05-01 12:15:00,11,1,2,16,10,0
2024-05-01 12:30:00,15,1,2,17,11,0
2024-05-01 12:45:00,3,1,2,15,11,0
2024-05-01 13:00:00,1,1,2,12,12,0
2024-05-01 13:15:00,0,1,2,16,14,0
2024-05-01 13:30:00,3,1,2,13,13,0
2024-05-01 13:45:00,0,1,2,12,11,0
2024-05-01 14:00:00,0,1,2,18,11,0
2024-05-01 14:15:00,0,1,2,15,10,0
2024-05-01 14:30:00,8,1,2,15,13,0
2024-05-01 14:45:00,11,1,2,17,11,0
2024-05-01 15:00:00,2,1,2,17,6,0
2024-05-01 15:15:00,0,1,2,12,13,0
2024-05-01 15:30:00,1,1,2,14,14,0
2024-05-01 15:45:00,0,1,2,11,14,0
2024-05-01 16:00:00,13,1,2,15,12,0
2024-05-01 16:15:00,6,1,2,12,12,0
2024-05-01 16:30:00,3,1,2,11,8,0
2024-05-01 16:45:00,3,1,2,10,8,0
2024-05-01 17:00:00,0,1,2,10,9,0
2024-05-01 17:15:00,1,1,2,10,13,0
2024-05-01 17:30:00,0,1,2,14,7,0
2024-05-01 17:45:00,0,1,2,12,7,0
2024-05-01 18:00:00,5,1,2,12,8,0
2024-05-01 18:15:00,2,1,2,14,8,0
2024-05-01 18:30:00,2,1,2,14,11,0
2024-05-01 18:45:00,0,1,2,12,11,0
2024-05-01 19:00:00,0,1,2,13,15,0
2024-05-01 19:15:00,1,1,2,20,15,0
2024-05-01 19:30:00,8,1,2,22,15,0
2024-05-01 19:45:00,5,1,2,25,11,0
2024-05-01 20:00:00,11,1,2,25,8,0
2024-05-01 20:15:00,24,1,2,24,8,0
2024-05-01 20:30:00,29,1,2,22,21,0
2024-05-01 20:45:00,8,1,2,31,19,0
2024-05-01 21:00:00,2,1,2,33,13,0
2024-05-01 21:15:00,14,1,2,32,11,0
2024-05-01 21:30:00,18,1,2,33,11,0
2024-05-01 21:45:00,11,1,2,31,9,0
2024-05-01 22:00:00,14,1,2,31,6,0
2024-05-01 22:15:00,8,1,2,30,6,0
2024-05-01 22:30:00,7,1,2,27,6,0
2024-05-01 22:45:00,4,1,2,22,4,0
2024-05-01 23:00:00,1,1,2,9,4,0
2024-05-01 23:15:00,3,1,2,6,3,0
2024-05-01 23:30:00,0,1,2,4,2,0
2024-05-01 23:45:00,0,1,2,1,1,0
2024-05-01 00:00:00,0,1,2,0,1,0
2024-05-02 06:00:00,2,0,3,2,2,0
2024-05-02 06:15:00,2,0,3,2,2,0
2024-05-02 06:30:00,0,0,3,3,2,0
2024-05-02 06:45:00,0,0,3,4,2,0
2024-05-02 07:00:00,0,0,3,13,3,0
2024-05-02 07:15:00,0,0,3,11,5,0
2024-05-02 07:30:00,0,0,3,12,11,0
2024-05-02 07:45:00,1,0,3,12,10,0
2024-05-02 08:00:00,4,0,3,28,18,0
2024-05-02 08:15:00,5,0,3,24,22,0
2024-05-02 08:30:00,3,0,3,17,14,0
2024-05-02 08:45:00,1,0,3,16,8,0
2024-05-02 09:00:00,3,0,3,14,6,0
2024-05-02 09:15:00,5,0,3,9,3,0
2024-05-02 09:30:00,7,0,3,11,2,0
2024-05-02 09:45:00,8,0,3,12,3,0
2024-05-02 10:00:00,10,0,3,12,8,0
2024-05-02 10:15:00,10,0,3,13,3,0
2024-05-02 10:30:00,9,0,3,14,3,0
2024-05-02 10:45:00,13,0,3,16,3,0
2024-05-02 11:00:00,11,0,3,14,5,0
2024-05-02 11:15:00,14,0,3,16,3,0
2024-05-02 11:30:00,13,0,3,15,3,0
2024-05-02 11:45:00,10,0,3,13,3,0
2024-05-02 12:00:00,14,0,3,16,3,0
2024-05-02 12:15:00,8,0,3,13,5,0
2024-05-02 12:30:00,9,0,3,12,5,0
2024-05-02 12:45:00,9,0,3,14,8,0
2024-05-02 13:00:00,11,0,3,15,9,0
2024-05-02 13:15:00,6,0,3,14,10,0
2024-05-02 13:30:00,5,0,3,14,10,0
2024-05-02 13:45:00,9,0,3,14,10,0
2024-05-02 14:00:00,3,0,3,12,6,0
2024-05-02 14:15:00,6,0,3,9,8,0
2024-05-02 14:30:00,8,0,3,10,8,0
2024-05-02 14:45:00,6,0,3,10,8,0
2024-05-02 15:00:00,2,0,3,9,12,0
2024-05-02 15:15:00,4,0,3,8,9,0
2024-05-02 15:30:00,6,0,3,11,9,0
2024-05-02 15:45:00,12,0,3,13,9,0
2024-05-02 16:00:00,11,0,3,13,9,0
2024-05-02 16:15:00,7,0,3,10,16,0
2024-05-02 16:30:00,9,0,3,11,21,0
2024-05-02 16:45:00,7,0,3,11,13,0
2024-05-02 17:00:00,4,0,3,9,12,0
2024-05-02 17:15:00,1,0,3,8,12,0
2024-05-02 17:30:00,0,0,3,11,18,0
2024-05-02 17:45:00,0,0,3,10,14,0
2024-05-02 18:00:00,12,0,3,20,16,0
2024-05-02 18:15:00,17,0,3,27,16,0
2024-05-02 18:30:00,23,0,3,26,16,0
2024-05-02 18:45:00,21,0,3,24,13,0
2024-05-02 19:00:00,8,0,3,15,15,0
2024-05-02 19:15:00,0,0,3,14,21,0
2024-05-02 19:30:00,7,0,3,18,17,0
2024-05-02 19:45:00,12,0,3,15,14,0
2024-05-02 20:00:00,11,0,3,22,9,0
2024-05-02 20:15:00,19,0,3,30,9,0
2024-05-02 20:30:00,21,0,3,22,9,0
2024-05-02 20:45:00,8,0,3,21,13,0
2024-05-02 21:00:00,0,0,3,20,11,0
2024-05-02 21:15:00,1,0,3,27,14,0
2024-05-02 21:30:00,3,0,3,25,14,0
2024-05-02 21:45:00,6,0,3,20,14,0
2024-05-02 22:00:00,17,0,3,23,12,0
2024-05-02 22:15:00,19,0,3,23,12,0
2024-05-02 22:30:00,12,0,3,19,10,0
2024-05-02 22:45:00,7,0,3,18,4,0
2024-05-02 23:00:00,3,0,3,11,3,0
2024-05-02 23:15:00,1,0,3,6,3,0
2024-05-02 23:30:00,0,0,3,3,3,0
2024-05-02 23:45:00,0,0,3,2,3,0
2024-05-02 00:00:00,0,0,3,0,2,0
2024-05-03 06:00:00,1,0,4,2,2,0
2024-05-03 06:15:00,3,0,4,4,2,0
2024-05-03 06:30:00,1,0,4,2,6,0
2024-05-03 06:45:00,0,0,4,2,6,0
2024-05-03 07:00:00,0,0,4,5,8,0
2024-05-03 07:15:00,0,0,4,9,11,0
2024-05-03 07:30:00,1,0,4,13,21,0
2024-05-03 07:45:00,2,0,4,12,17,0
2024-05-03 08:00:00,3,0,4,14,11,0
2024-05-03 08:15:00,0,0,4,14,11,0
2024-05-03 08:30:00,0,0,4,15,12,0
2024-05-03 08:45:00,6,0,4,16,9,0
2024-05-03 09:00:00,10,0,4,17,9,0
2024-05-03 09:15:00,16,0,4,16,10,0
2024-05-03 09:30:00,19,0,4,21,10,0
2024-05-03 09:45:00,9,0,4,11,11,0
2024-05-03 10:00:00,5,0,4,7,11,0
2024-05-03 10:15:00,1,0,4,7,13,0
2024-05-03 10:30:00,0,0,4,8,13,0
2024-05-03 10:45:00,0,0,4,10,16,0
2024-05-03 11:00:00,2,0,4,11,16,0
2024-05-03 11:15:00,8,0,4,10,19,0
2024-05-03 11:30:00,4,0,4,7,18,0
2024-05-03 11:45:00,0,0,4,8,21,0
2024-05-03 12:00:00,0,0,4,14,21,0
2024-05-03 12:15:00,0,0,4,14,15,0
2024-05-03 12:30:00,6,0,4,15,11,0
2024-05-03 12:45:00,9,0,4,16,11,0
2024-05-03 13:00:00,1,0,4,17,9,0
2024-05-03 13:15:00,4,0,4,13,9,0
2024-05-03 13:30:00,5,0,4,7,8,0
2024-05-03 13:45:00,5,0,4,7,11,0
2024-05-03 14:00:00,0,0,4,6,16,0
2024-05-03 14:15:00,0,0,4,9,16,0
2024-05-03 14:30:00,0,0,4,9,13,0
2024-05-03 14:45:00,13,0,4,9,9,0
2024-05-03 15:00:00,2,0,4,8,9,0
2024-05-03 15:15:00,0,0,4,8,10,0
2024-05-03 15:30:00,0,0,4,7,14,0
2024-05-03 15:45:00,0,0,4,7,14,0
2024-05-03 16:00:00,0,0,4,7,16,0
2024-05-03 16:15:00,2,0,4,8,20,0
2024-05-03 16:30:00,7,0,4,10,18,0
2024-05-03 16:45:00,5,0,4,11,11,0
2024-05-03 17:00:00,2,0,4,10,8,0
2024-05-03 17:15:00,1,0,4,9,4,0
2024-05-03 17:30:00,3,0,4,9,2,0
2024-05-03 17:45:00,8,0,4,9,2,0
2024-05-03 18:00:00,6,0,4,10,11,0
2024-05-03 18:15:00,10,0,4,13,13,0
2024-05-03 18:30:00,20,0,4,21,13,0
2024-05-03 18:45:00,6,0,4,15,15,0
2024-05-03 19:00:00,4,0,4,15,11,0
2024-05-03 19:15:00,0,0,4,18,17,0
2024-05-03 19:30:00,4,0,4,15,7,0
2024-05-03 19:45:00,22,0,4,25,7,0
2024-05-03 20:00:00,32,0,4,34,5,0
2024-05-03 20:15:00,5,0,4,20,5,0
2024-05-03 20:30:00,9,0,4,22,15,0
2024-05-03 20:45:00,0,0,4,21,23,0
2024-05-03 21:00:00,0,0,4,25,17,0
2024-05-03 21:15:00,7,0,4,27,11,0
2024-05-03 21:30:00,6,0,4,30,8,0
2024-05-03 21:45:00,15,0,4,31,4,0
2024-05-03 22:00:00,17,0,4,32,4,0
2024-05-03 22:15:00,15,0,4,33,4,0
2024-05-03 22:30:00,9,0,4,15,4,0
2024-05-03 22:45:00,5,0,4,11,4,0
2024-05-03 23:00:00,0,0,4,11,2,0
2024-05-03 23:15:00,2,0,4,6,2,0
2024-05-03 23:30:00,2,0,4,2,2,0
2024-05-03 23:45:00,1,0,4,2,2,0
2024-05-03 00:00:00,0,0,4,0,1,0
2024-05-04 06:00:00,0,0,5,0,0,0
2024-05-04 06:15:00,0,0,5,0,0,0
2024-05-04 06:30:00,0,0,5,2,0,0
2024-05-04 06:45:00,8,0,5,9,1,0
2024-05-04 07:00:00,11,0,5,12,3,0
2024-05-04 07:15:00,7,0,5,8,6,0
2024-05-04 07:30:00,7,0,5,9,8,0
2024-05-04 07:45:00,2,0,5,4,8,0
2024-05-04 08:00:00,0,0,5,3,9,0
2024-05-04 08:15:00,0,0,5,3,9,0
2024-05-04 08:30:00,0,0,5,4,11,0
2024-05-04 08:45:00,0,0,5,7,11,0
2024-05-04 09:00:00,0,0,5,7,10,0
2024-05-04 09:15:00,0,0,5,6,10,0
2024-05-04 09:30:00,0,0,5,7,11,0
2024-05-04 09:45:00,0,0,5,7,11,0
2024-05-04 10:00:00,0,0,5,8,12,0
2024-05-04 10:15:00,4,0,5,8,4,0
2024-05-04 10:30:00,9,0,5,11,4,0
2024-05-04 10:45:00,9,0,5,13,4,0
2024-05-04 11:00:00,12,0,5,20,5,0
2024-05-04 11:15:00,7,0,5,15,5,0
2024-05-04 11:30:00,7,0,5,19,5,0
2024-05-04 11:45:00,5,0,5,12,5,0
2024-05-04 12:00:00,0,0,5,10,6,0
2024-05-04 12:15:00,0,0,5,6,7,0
2024-05-04 12:30:00,0,0,5,6,8,0
2024-05-04 12:45:00,0,0,5,6,8,0
2024-05-04 13:00:00,0,0,5,7,8,0
2024-05-04 13:15:00,4,0,5,9,8,0
2024-05-04 13:30:00,8,0,5,12,3,0
2024-05-04 13:45:00,8,0,5,12,3,0
2024-05-04 14:00:00,12,0,5,15,3,0
2024-05-04 14:15:00,17,0,5,18,5,0
2024-05-04 14:30:00,17,0,5,21,6,0
2024-05-04 14:45:00,11,0,5,16,6,0
2024-05-04 15:00:00,11,0,5,15,6,0
2024-05-04 15:15:00,11,0,5,15,6,0
2024-05-04 15:30:00,10,0,5,14,6,0
2024-05-04 15:45:00,14,0,5,16,6,0
2024-05-04 16:00:00,14,0,5,16,8,0
2024-05-04 16:15:00,0,0,5,9,8,0
2024-05-04 16:30:00,0,0,5,7,6,0
2024-05-04 16:45:00,0,0,5,7,6,0
2024-05-04 17:00:00,0,0,5,5,7,0
2024-05-04 17:15:00,3,0,5,8,4,0
2024-05-04 17:30:00,7,0,5,9,8,0
2024-05-04 17:45:00,6,0,5,7,8,0
2024-05-04 18:00:00,10,0,5,12,9,0
2024-05-04 18:15:00,11,0,5,13,12,0
2024-05-04 18:30:00,10,0,5,13,12,0
2024-05-04 18:45:00,10,0,5,12,9,0
2024-05-04 19:00:00,9,0,5,14,8,0
2024-05-04 19:15:00,6,0,5,9,9,0
2024-05-04 19:30:00,7,0,5,11,8,0
2024-05-04 19:45:00,7,0,5,11,8,0
2024-05-04 20:00:00,8,0,5,12,8,0
2024-05-04 20:15:00,7,0,5,10,7,0
2024-05-04 20:30:00,5,0,5,8,7,0
2024-05-04 20:45:00,3,0,5,7,6,0
2024-05-04 21:00:00,1,0,5,6,6,0
2024-05-04 21:15:00,0,0,5,6,7,0
2024-05-04 21:30:00,0,0,5,6,5,0
2024-05-04 21:45:00,0,0,5,5,6,0
2024-05-04 22:00:00,0,0,5,5,6,0
2024-05-04 22:15:00,0,0,5,4,6,0
2024-05-04 22:30:00,0,0,5,4,2,0
2024-05-04 22:45:00,0,0,5,4,2,0
2024-05-04 23:00:00,0,0,5,3,1,0
2024-05-04 23:15:00,0,0,5,1,0,0
2024-05-04 23:30:00,0,0,5,1,0,0
2024-05-04 23:45:00,0,0,5,0,0,0
2024-05-04 00:00:00,0,0,5,0,0,0
2024-05-05 06:00:00,0,0,6,0,0,0
2024-05-05 06:15:00,0,0,6,0,0,0
2024-05-05 06:30:00,0,0,6,0,1,0
2024-05-05 06:45:00,0,0,6,2,2,0
2024-05-05 07:00:00,0,0,6,3,2,0
2024-05-05 07:15:00,0,0,6,4,4,0
2024-05-05 07:30:00,0,0,6,5,5,0
2024-05-05 07:45:00,0,0,6,5,5,0
2024-05-05 08:00:00,0,0,6,5,7,0
2024-05-05 08:15:00,0,0,6,7,7,0
2024-05-05 08:30:00,0,0,6,8,9,0
2024-05-05 08:45:00,0,0,6,8,11,0
2024-05-05 09:00:00,0,0,6,3,11,0
2024-05-05 09:15:00,0,0,6,3,11,0
2024-05-05 09:30:00,0,0,6,6,11,0
2024-05-05 09:45:00,2,0,6,7,10,0
2024-05-05 10:00:00,5,0,6,8,11,0
2024-05-05 10:15:00,5,0,6,10,11,0
2024-05-05 10:30:00,10,0,6,13,12,0
2024-05-05 10:45:00,11,0,6,13,8,0
2024-05-05 11:00:00,9,0,6,12,6,0
2024-05-05 11:15:00,6,0,6,12,6,0
2024-05-05 11:30:00,6,0,6,11,5,0
2024-05-05 11:45:00,8,0,6,13,5,0
2024-05-05 12:00:00,0,0,6,10,7,0
2024-05-05 12:15:00,0,0,6,6,7,0
2024-05-05 12:30:00,0,0,6,6,5,0
2024-05-05 12:45:00,0,0,6,6,6,0
2024-05-05 13:00:00,0,0,6,6,7,0
2024-05-05 13:15:00,2,0,6,7,7,0
2024-05-05 13:30:00,5,0,6,9,7,0
2024-05-05 13:45:00,6,0,6,9,6,0
2024-05-05 14:00:00,4,0,6,10,6,0
2024-05-05 14:15:00,5,0,6,15,6,0
2024-05-05 14:30:00,11,0,6,13,6,0
2024-05-05 14:45:00,12,0,6,15,5,0
2024-05-05 15:00:00,10,0,6,11,5,0
2024-05-05 15:15:00,11,0,6,10,5,0
2024-05-05 15:30:00,10,0,6,10,5,0
2024-05-05 15:45:00,11,0,6,13,5,0
2024-05-05 16:00:00,7,0,6,16,6,0
2024-05-05 16:15:00,0,0,6,8,5,0
2024-05-05 16:30:00,0,0,6,6,5,0
2024-05-05 16:45:00,0,0,6,5,5,0
2024-05-05 17:00:00,0,0,6,4,5,0
2024-05-05 17:15:00,5,0,6,4,5,0
2024-05-05 17:30:00,4,0,6,6,8,0
2024-05-05 17:45:00,3,0,6,6,8,0
2024-05-05 18:00:00,7,0,6,10,8,0
2024-05-05 18:15:00,8,0,6,11,8,0
2024-05-05 18:30:00,9,0,6,12,8,0
2024-05-05 18:45:00,11,0,6,13,9,0
2024-05-05 19:00:00,9,0,6,12,10,0
2024-05-05 19:15:00,11,0,6,13,11,0
2024-05-05 19:30:00,10,0,6,12,10,0
2024-05-05 19:45:00,8,0,6,12,9,0
2024-05-05 20:00:00,6,0,6,8,4,0
2024-05-05 20:15:00,4,0,6,9,5,0
2024-05-05 20:30:00,4,0,6,9,5,0
2024-05-05 20:45:00,4,0,6,7,5,0
2024-05-05 21:00:00,0,0,6,6,4,0
2024-05-05 21:15:00,0,0,6,4,3,0
2024-05-05 21:30:00,0,0,6,4,3,0
2024-05-05 21:45:00,0,0,6,5,2,0
2024-05-05 22:00:00,0,0,6,4,2,0
2024-05-05 22:15:00,0,0,6,5,1,0
2024-05-05 22:30:00,0,0,6,2,1,0
2024-05-05 22:45:00,0,0,6,1,1,0
2024-05-05 23:00:00,0,0,6,0,0,0
2024-05-05 23:15:00,0,0,6,0,0,0
2024-05-05 23:30:00,0,0,6,0,0,0
2024-05-05 23:45:00,0,0,6,0,0,0
2024-05-05 00:00:00,0,0,6,0,0,0
2024-05-06 06:00:00,2,0,0,6,2,0
2024-05-06 06:15:00,2,0,0,4,2,0
2024-05-06 06:30:00,0,0,0,4,3,0
2024-05-06 06:45:00,0,0,0,5,5,0
2024-05-06 07:00:00,4,0,0,4,11,0
2024-05-06 07:15:00,15,0,0,17,11,0
2024-05-06 07:30:00,0,0,0,19,11,0
2024-05-06 07:45:00,0,0,0,6,16,0
2024-05-06 08:00:00,0,0,0,4,15,0
2024-05-06 08:15:00,0,0,0,4,8,0
2024-05-06 08:30:00,0,0,0,8,9,0
2024-05-06 08:45:00,0,0,0,16,10,0
2024-05-06 09:00:00,3,0,0,16,13,0
2024-05-06 09:15:00,2,0,0,16,15,0
2024-05-06 09:30:00,3,0,0,15,12,0
2024-05-06 09:45:00,0,0,0,15,10,0
2024-05-06 10:00:00,2,0,0,15,13,0
2024-05-06 10:15:00,2,0,0,15,9,0
2024-05-06 10:30:00,0,0,0,20,3,0
2024-05-06 10:45:00,0,0,0,20,5,0
2024-05-06 11:00:00,11,0,0,20,12,0
2024-05-06 11:15:00,5,0,0,20,14,0
2024-05-06 11:30:00,0,0,0,22,16,0
2024-05-06 11:45:00,3,0,0,22,12,0
2024-05-06 12:00:00,0,0,0,22,3,0
2024-05-06 12:15:00,0,0,0,15,5,0
2024-05-06 12:30:00,5,0,0,15,6,0
2024-05-06 12:45:00,8,0,0,15,9,0
2024-05-06 13:00:00,13,0,0,24,6,0
2024-05-06 13:15:00,12,0,0,24,7,0
2024-05-06 13:30:00,14,0,0,24,7,0
2024-05-06 13:45:00,13,0,0,24,12,0
2024-05-06 14:00:00,10,0,0,22,12,0
2024-05-06 14:15:00,3,0,0,12,15,0
2024-05-06 14:30:00,0,0,0,12,11,0
2024-05-06 14:45:00,0,0,0,12,10,0
2024-05-06 15:00:00,0,0,0,14,10,0
2024-05-06 15:15:00,0,0,0,12,10,0
2024-05-06 15:30:00,0,0,0,12,8,0
2024-05-06 15:45:00,0,0,0,13,8,0
2024-05-06 16:00:00,0,0,0,13,11,0
2024-05-06 16:15:00,7,0,0,11,11,0
2024-05-06 16:30:00,8,0,0,12,11,0
2024-05-06 16:45:00,6,0,0,11,7,0
2024-05-06 17:00:00,4,0,0,11,12,0
2024-05-06 17:15:00,0,0,0,11,12,0
2024-05-06 17:30:00,0,0,0,11,12,0
2024-05-06 17:45:00,0,0,0,12,13,0
2024-05-06 18:00:00,0,0,0,11,15,0
2024-05-06 18:15:00,0,0,0,11,12,0
2024-05-06 18:30:00,0,0,0,11,10,0
2024-05-06 18:45:00,15,0,0,30,3,0
2024-05-06 19:00:00,20,0,0,30,5,0
2024-05-06 19:15:00,10,0,0,25,11,0
2024-05-06 19:30:00,0,0,0,30,18,0
2024-05-06 19:45:00,0,0,0,20,10,0
2024-05-06 20:00:00,29,0,0,50,4,0
2024-05-06 20:15:00,15,0,0,40,4,0
2024-05-06 20:30:00,13,0,0,35,4,0
2024-05-06 20:45:00,0,0,0,35,12,0
2024-05-06 21:00:00,0,0,0,35,21,0
2024-05-06 21:15:00,0,0,0,40,24,0
2024-05-06 21:30:00,0,0,0,38,10,0
2024-05-06 21:45:00,14,0,0,35,4,0
2024-05-06 22:00:00,10,0,0,30,5,0
2024-05-06 22:15:00,22,0,0,30,5,0
2024-05-06 22:30:00,19,0,0,30,5,0
2024-05-06 22:45:00,7,0,0,20,4,0
2024-05-06 23:00:00,1,0,0,15,4,0
2024-05-06 23:15:00,0,0,0,10,2,0
2024-05-06 23:30:00,0,0,0,6,2,0
2024-05-06 23:45:00,0,0,0,5,1,0
2024-05-06 00:00:00,0,0,0,2,0,0
2024-05-07 06:00:00,2,0,1,4,2,0
2024-05-07 06:15:00,3,0,1,3,2,0
2024-05-07 06:30:00,0,0,1,6,4,0
2024-05-07 06:45:00,0,0,1,8,4,0
2024-05-07 07:00:00,0,0,1,12,4,0
2024-05-07 07:15:00,0,0,1,8,5,0
2024-05-07 07:30:00,1,0,1,8,6,0
2024-05-07 07:45:00,3,0,1,10,8,0
2024-05-07 08:00:00,0,0,1,10,6,0
2024-05-07 08:15:00,11,0,1,22,3,0
2024-05-07 08:30:00,0,0,1,16,10,0
2024-05-07 08:45:00,3,0,1,14,8,0
2024-05-07 09:00:00,9,0,1,14,5,0
2024-05-07 09:15:00,9,0,1,12,4,0
2024-05-07 09:30:00,2,0,1,13,15,0
2024-05-07 09:45:00,0,0,1,13,14,0
2024-05-07 10:00:00,0,0,1,11,5,0
2024-05-07 10:15:00,10,0,1,11,5,0
2024-05-07 10:30:00,0,0,1,16,9,0
2024-05-07 10:45:00,0,0,1,12,6,0
2024-05-07 11:00:00,8,0,1,12,4,0
2024-05-07 11:15:00,4,0,1,12,4,0
2024-05-07 11:30:00,0,0,1,15,9,0
2024-05-07 11:45:00,0,0,1,18,11,0
2024-05-07 12:00:00,0,0,1,20,12,0
2024-05-07 12:15:00,0,0,1,20,14,0
2024-05-07 12:30:00,4,0,1,25,11,0
2024-05-07 12:45:00,3,0,1,25,17,0
2024-05-07 13:00:00,2,0,1,25,17,0
2024-05-07 13:15:00,4,0,1,28,14,0
2024-05-07 13:30:00,9,0,1,30,14,0
2024-05-07 13:45:00,13,0,1,25,11,0
2024-05-07 14:00:00,0,0,1,22,14,0
2024-05-07 14:15:00,0,0,1,13,17,0
2024-05-07 14:30:00,0,0,1,13,15,0
2024-05-07 14:45:00,0,0,1,11,9,0
2024-05-07 15:00:00,0,0,1,11,6,0
2024-05-07 15:15:00,0,0,1,12,4,0
2024-05-07 15:30:00,1,0,1,12,11,0
2024-05-07 15:45:00,5,0,1,13,9,0
2024-05-07 16:00:00,2,0,1,11,9,0
2024-05-07 16:15:00,0,0,1,11,7,0
2024-05-07 16:30:00,0,0,1,12,4,0
2024-05-07 16:45:00,6,0,1,12,3,0
2024-05-07 17:00:00,4,0,1,11,3,0
2024-05-07 17:15:00,2,0,1,11,6,0
2024-05-07 17:30:00,2,0,1,10,11,0
2024-05-07 17:45:00,0,0,1,12,11,0
2024-05-07 18:00:00,0,0,1,22,15,0
2024-05-07 18:15:00,0,0,1,22,14,0
2024-05-07 18:30:00,0,0,1,22,11,0
2024-05-07 18:45:00,0,0,1,22,9,0
2024-05-07 19:00:00,3,0,1,17,13,0
2024-05-07 19:15:00,2,0,1,22,16,0
2024-05-07 19:30:00,6,0,1,30,16,0
2024-05-07 19:45:00,12,0,1,35,6,0
2024-05-07 20:00:00,15,0,1,27,3,0
2024-05-07 20:15:00,2,0,1,26,2,0
2024-05-07 20:30:00,0,0,1,19,2,0
2024-05-07 20:45:00,0,0,1,19,14,0
2024-05-07 21:00:00,0,0,1,28,20,0
2024-05-07 21:15:00,5,0,1,35,22,0
2024-05-07 21:30:00,15,0,1,29,16,0
2024-05-07 21:45:00,16,0,1,30,6,0
2024-05-07 22:00:00,18,0,1,26,4,0
2024-05-07 22:15:00,14,0,1,28,3,0
2024-05-07 22:30:00,16,0,1,27,3,0
2024-05-07 22:45:00,6,0,1,20,3,0
2024-05-07 23:00:00,3,0,1,12,2,0
2024-05-07 23:15:00,2,0,1,11,2,0
2024-05-07 23:30:00,0,0,1,6,2,0
2024-05-07 23:45:00,0,0,1,2,1,0
2024-05-07 00:00:00,0,0,1,2,0,0
2024-05-08 06:00:00,3,1,2,1,2,0
2024-05-08 06:15:00,2,1,2,2,2,0
2024-05-08 06:30:00,0,1,2,2,2,0
2024-05-08 06:45:00,0,1,2,3,3,0
2024-05-08 07:00:00,2,1,2,5,4,0
2024-05-08 07:15:00,0,1,2,12,4,0
2024-05-08 07:30:00,0,1,2,16,11,0
2024-05-08 07:45:00,0,1,2,20,12,0
2024-05-08 08:00:00,2,1,2,20,14,0
2024-05-08 08:15:00,15,1,2,25,17,0
2024-05-08 08:30:00,4,1,2,14,12,0
2024-05-08 08:45:00,5,1,2,15,4,0
2024-05-08 09:00:00,6,1,2,14,4,0
2024-05-08 09:15:00,0,1,2,20,20,0
2024-05-08 09:30:00,0,1,2,13,15,0
2024-05-08 09:45:00,0,1,2,13,14,0
2024-05-08 10:00:00,0,1,2,11,8,0
2024-05-08 10:15:00,2,1,2,12,16,0
2024-05-08 10:30:00,9,1,2,11,3,0
2024-05-08 10:45:00,2,1,2,10,3,0
2024-05-08 11:00:00,2,1,2,11,3,0
2024-05-08 11:15:00,3,1,2,10,11,0
2024-05-08 11:30:00,9,1,2,13,3,0
2024-05-08 11:45:00,3,1,2,11,9,0
2024-05-08 12:00:00,0,1,2,17,10,0
2024-05-08 12:15:00,0,1,2,16,10,0
2024-05-08 12:30:00,0,1,2,16,11,0
2024-05-08 12:45:00,0,1,2,15,11,0
2024-05-08 13:00:00,6,1,2,16,12,0
2024-05-08 13:15:00,4,1,2,17,14,0
2024-05-08 13:30:00,3,1,2,16,13,0
2024-05-08 13:45:00,0,1,2,14,11,0
2024-05-08 14:00:00,0,1,2,18,11,0
2024-05-08 14:15:00,0,1,2,11,10,0
2024-05-08 14:30:00,0,1,2,12,13,0
2024-05-08 14:45:00,4,1,2,11,11,0
2024-05-08 15:00:00,2,1,2,10,6,0
2024-05-08 15:15:00,4,1,2,10,6,0
2024-05-08 15:30:00,3,1,2,10,7,0
2024-05-08 15:45:00,5,1,2,10,6,0
2024-05-08 16:00:00,0,1,2,9,6,0
2024-05-08 16:15:00,0,1,2,11,9,0
2024-05-08 16:30:00,0,1,2,8,4,0
2024-05-08 16:45:00,0,1,2,9,3,0
2024-05-08 17:00:00,4,1,2,10,9,0
2024-05-08 17:15:00,0,1,2,9,14,0
2024-05-08 17:30:00,0,1,2,11,9,0
2024-05-08 17:45:00,0,1,2,10,8,0
2024-05-08 18:00:00,0,1,2,14,4,0
2024-05-08 18:15:00,0,1,2,14,4,0
2024-05-08 18:30:00,2,1,2,15,4,0
2024-05-08 18:45:00,0,1,2,16,13,0
2024-05-08 19:00:00,0,1,2,18,18,0
2024-05-08 19:15:00,4,1,2,19,11,0
2024-05-08 19:30:00,0,1,2,20,10,0
2024-05-08 19:45:00,6,1,2,22,10,0
2024-05-08 20:00:00,20,1,2,24,8,0
2024-05-08 20:15:00,27,1,2,27,6,0
2024-05-08 20:30:00,29,1,2,34,16,0
2024-05-08 20:45:00,4,1,2,29,19,0
2024-05-08 21:00:00,6,1,2,30,13,0
2024-05-08 21:15:00,12,1,2,35,6,0
2024-05-08 21:30:00,18,1,2,35,5,0
2024-05-08 21:45:00,11,1,2,30,5,0
2024-05-08 22:00:00,14,1,2,30,5,0
2024-05-08 22:15:00,11,1,2,29,4,0
2024-05-08 22:30:00,14,1,2,22,4,0
2024-05-08 22:45:00,7,1,2,16,4,0
2024-05-08 23:00:00,3,1,2,11,4,0
2024-05-08 23:15:00,3,1,2,7,3,0
2024-05-08 23:30:00,0,1,2,3,2,0
2024-05-08 23:45:00,0,1,2,1,1,0
2024-05-08 00:00:00,0,1,2,0,1,0
2024-05-09 06:00:00,3,0,3,4,2,0
2024-05-09 06:15:00,2,0,3,3,2,0
2024-05-09 06:30:00,1,0,3,3,2,0
2024-05-09 06:45:00,0,0,3,7,2,0
2024-05-09 07:00:00,0,0,3,12,3,0
2024-05-09 07:15:00,0,0,3,12,5,0
2024-05-09 07:30:00,0,0,3,16,10,0
2024-05-09 07:45:00,0,0,3,14,11,0
2024-05-09 08:00:00,0,0,3,28,19,0
2024-05-09 08:15:00,0,0,3,22,21,0
2024-05-09 08:30:00,0,0,3,15,10,0
2024-05-09 08:45:00,3,0,3,14,6,0
2024-05-09 09:00:00,5,0,3,12,4,0
2024-05-09 09:15:00,8,0,3,11,4,0
2024-05-09 09:30:00,9,0,3,16,3,0
2024-05-09 09:45:00,12,0,3,13,5,0
2024-05-09 10:00:00,14,0,3,18,5,0
2024-05-09 10:15:00,13,0,3,15,8,0
2024-05-09 10:30:00,7,0,3,18,4,0
2024-05-09 10:45:00,9,0,3,18,4,0
2024-05-09 11:00:00,11,0,3,14,4,0
2024-05-09 11:15:00,14,0,3,15,7,0
2024-05-09 11:30:00,17,0,3,18,6,0
2024-05-09 11:45:00,10,0,3,15,3,0
2024-05-09 12:00:00,16,0,3,14,3,0
2024-05-09 12:15:00,12,0,3,12,5,0
2024-05-09 12:30:00,14,0,3,15,5,0
2024-05-09 12:45:00,12,0,3,13,8,0
2024-05-09 13:00:00,10,0,3,12,9,0
2024-05-09 13:15:00,6,0,3,10,9,0
2024-05-09 13:30:00,5,0,3,11,9,0
2024-05-09 13:45:00,9,0,3,11,9,0
2024-05-09 14:00:00,5,0,3,10,9,0
2024-05-09 14:15:00,9,0,3,10,8,0
2024-05-09 14:30:00,9,0,3,11,7,0
2024-05-09 14:45:00,8,0,3,9,7,0
2024-05-09 15:00:00,2,0,3,8,7,0
2024-05-09 15:15:00,5,0,3,9,7,0
2024-05-09 15:30:00,7,0,3,9,6,0
2024-05-09 15:45:00,5,0,3,10,7,0
2024-05-09 16:00:00,0,0,3,9,10,0
2024-05-09 16:15:00,0,0,3,8,16,0
2024-05-09 16:30:00,0,0,3,7,19,0
2024-05-09 16:45:00,9,0,3,10,13,0
2024-05-09 17:00:00,0,0,3,10,12,0
2024-05-09 17:15:00,0,0,3,8,12,0
2024-05-09 17:30:00,0,0,3,8,18,0
2024-05-09 17:45:00,0,0,3,9,14,0
2024-05-09 18:00:00,17,0,3,28,16,0
2024-05-09 18:15:00,21,0,3,26,16,0
2024-05-09 18:30:00,18,0,3,20,16,0
2024-05-09 18:45:00,16,0,3,20,13,0
2024-05-09 19:00:00,0,0,3,13,15,0
2024-05-09 19:15:00,0,0,3,13,21,0
2024-05-09 19:30:00,15,0,3,18,17,0
2024-05-09 19:45:00,12,0,3,22,14,0
2024-05-09 20:00:00,7,0,3,21,9,0
2024-05-09 20:15:00,0,0,3,30,9,0
2024-05-09 20:30:00,26,0,3,28,9,0
2024-05-09 20:45:00,8,0,3,25,13,0
2024-05-09 21:00:00,0,0,3,30,11,0
2024-05-09 21:15:00,0,0,3,32,14,0
2024-05-09 21:30:00,0,0,3,29,14,0
2024-05-09 21:45:00,4,0,3,33,9,0
2024-05-09 22:00:00,17,0,3,29,9,0
2024-05-09 22:15:00,19,0,3,25,9,0
2024-05-09 22:30:00,12,0,3,23,9,0
2024-05-09 22:45:00,11,0,3,28,4,0
2024-05-09 23:00:00,3,0,3,20,3,0
2024-05-09 23:15:00,1,0,3,7,3,0
2024-05-09 23:30:00,0,0,3,4,2,0
2024-05-09 23:45:00,0,0,3,2,1,0
2024-05-09 00:00:00,0,0,3,0,1,0
2024-05-10 06:00:00,2,0,4,3,2,0
2024-05-10 06:15:00,2,0,4,3,2,0
2024-05-10 06:30:00,1,0,4,2,4,0
2024-05-10 06:45:00,0,0,4,4,4,0
2024-05-10 07:00:00,0,0,4,6,7,0
2024-05-10 07:15:00,0,0,4,8,7,0
2024-05-10 07:30:00,0,0,4,12,18,0
2024-05-10 07:45:00,0,0,4,11,15,0
2024-05-10 08:00:00,0,0,4,12,11,0
2024-05-10 08:15:00,0,0,4,12,10,0
2024-05-10 08:30:00,0,0,4,14,13,0
2024-05-10 08:45:00,6,0,4,14,9,0
2024-05-10 09:00:00,10,0,4,15,3,0
2024-05-10 09:15:00,13,0,4,16,2,0
2024-05-10 09:30:00,18,0,4,20,3,0
2024-05-10 09:45:00,9,0,4,12,3,0
2024-05-10 10:00:00,6,0,4,10,3,0
2024-05-10 10:15:00,0,0,4,8,9,0
2024-05-10 10:30:00,0,0,4,8,10,0
2024-05-10 10:45:00,0,0,4,11,15,0
2024-05-10 11:00:00,2,0,4,10,16,0
2024-05-10 11:15:00,4,0,4,11,14,0
2024-05-10 11:30:00,1,0,4,8,21,0
2024-05-10 11:45:00,0,0,4,7,15,0
2024-05-10 12:00:00,0,0,4,12,13,0
2024-05-10 12:15:00,0,0,4,14,13,0
2024-05-10 12:30:00,6,0,4,15,11,0
2024-05-10 12:45:00,9,0,4,15,11,0
2024-05-10 13:00:00,1,0,4,16,14,0
2024-05-10 13:15:00,4,0,4,10,14,0
2024-05-10 13:30:00,6,0,4,9,11,0
2024-05-10 13:45:00,6,0,4,10,11,0
2024-05-10 14:00:00,0,0,4,8,14,0
2024-05-10 14:15:00,0,0,4,9,13,0
2024-05-10 14:30:00,0,0,4,11,13,0
2024-05-10 14:45:00,13,0,4,10,11,0
2024-05-10 15:00:00,2,0,4,8,11,0
2024-05-10 15:15:00,0,0,4,9,10,0
2024-05-10 15:30:00,0,0,4,9,12,0
2024-05-10 15:45:00,0,0,4,8,9,0
2024-05-10 16:00:00,0,0,4,8,15,0
2024-05-10 16:15:00,0,0,4,9,17,0
2024-05-10 16:30:00,0,0,4,11,15,0
2024-05-10 16:45:00,0,0,4,10,6,0
2024-05-10 17:00:00,4,0,4,11,3,0
2024-05-10 17:15:00,3,0,4,10,11,0
2024-05-10 17:30:00,9,0,4,11,3,0
2024-05-10 17:45:00,15,0,4,10,3,0
2024-05-10 18:00:00,0,0,4,9,14,0
2024-05-10 18:15:00,0,0,4,12,11,0
2024-05-10 18:30:00,18,0,4,20,6,0
2024-05-10 18:45:00,0,0,4,16,16,0
2024-05-10 19:00:00,0,0,4,16,10,0
2024-05-10 19:15:00,5,0,4,14,20,0
2024-05-10 19:30:00,20,0,4,26,5,0
2024-05-10 19:45:00,29,0,4,31,5,0
2024-05-10 20:00:00,14,0,4,32,5,0
2024-05-10 20:15:00,5,0,4,27,13,0
2024-05-10 20:30:00,0,0,4,23,18,0
2024-05-10 20:45:00,0,0,4,25,19,0
2024-05-10 21:00:00,0,0,4,33,15,0
2024-05-10 21:15:00,0,0,4,28,5,0
2024-05-10 21:30:00,7,0,4,26,5,0
2024-05-10 21:45:00,15,0,4,29,5,0
2024-05-10 22:00:00,17,0,4,25,5,0
2024-05-10 22:15:00,15,0,4,29,4,0
2024-05-10 22:30:00,12,0,4,11,4,0
2024-05-10 22:45:00,7,0,4,10,4,0
2024-05-10 23:00:00,4,0,4,10,2,0
2024-05-10 23:15:00,2,0,4,5,2,0
2024-05-10 23:30:00,2,0,4,3,2,0
2024-05-10 23:45:00,1,0,4,2,2,0
2024-05-10 00:00:00,0,0,4,0,1,0
2024-05-11 06:00:00,0,0,5,1,0,0
2024-05-11 06:15:00,0,0,5,1,1,0
2024-05-11 06:30:00,0,0,5,4,1,0
2024-05-11 06:45:00,8,0,5,2,2,0
2024-05-11 07:00:00,11,0,5,11,6,0
2024-05-11 07:15:00,7,0,5,9,9,0
2024-05-11 07:30:00,7,0,5,12,9,0
2024-05-11 07:45:00,2,0,5,6,11,0
2024-05-11 08:00:00,0,0,5,4,13,0
2024-05-11 08:15:00,0,0,5,4,13,0
2024-05-11 08:30:00,0,0,5,6,14,0
2024-05-11 08:45:00,0,0,5,6,14,0
2024-05-11 09:00:00,0,0,5,4,13,0
2024-05-11 09:15:00,0,0,5,4,13,0
2024-05-11 09:30:00,0,0,5,6,13,0
2024-05-11 09:45:00,0,0,5,8,10,0
2024-05-11 10:00:00,0,0,5,7,6,0
2024-05-11 10:15:00,4,0,5,7,6,0
2024-05-11 10:30:00,9,0,5,12,7,0
2024-05-11 10:45:00,9,0,5,18,7,0
2024-05-11 11:00:00,12,0,5,25,6,0
2024-05-11 11:15:00,7,0,5,14,6,0
2024-05-11 11:30:00,7,0,5,18,6,0
2024-05-11 11:45:00,5,0,5,11,6,0
2024-05-11 12:00:00,0,0,5,9,8,0
2024-05-11 12:15:00,0,0,5,7,8,0
2024-05-11 12:30:00,0,0,5,7,8,0
2024-05-11 12:45:00,0,0,5,5,7,0
2024-05-11 13:00:00,0,0,5,5,7,0
2024-05-11 13:15:00,4,0,5,8,7,0
2024-05-11 13:30:00,8,0,5,13,9,0
2024-05-11 13:45:00,8,0,5,13,9,0
2024-05-11 14:00:00,12,0,5,16,9,0
2024-05-11 14:15:00,17,0,5,20,7,0
2024-05-11 14:30:00,17,0,5,20,7,0
2024-05-11 14:45:00,11,0,5,17,5,0
2024-05-11 15:00:00,11,0,5,14,5,0
2024-05-11 15:15:00,11,0,5,14,4,0
2024-05-11 15:30:00,10,0,5,12,4,0
2024-05-11 15:45:00,14,0,5,19,4,0
2024-05-11 16:00:00,14,0,5,17,5,0
2024-05-11 16:15:00,0,0,5,8,5,0
2024-05-11 16:30:00,0,0,5,8,5,0
2024-05-11 16:45:00,0,0,5,6,7,0
2024-05-11 17:00:00,0,0,5,6,7,0
2024-05-11 17:15:00,3,0,5,9,7,0
2024-05-11 17:30:00,7,0,5,8,8,0
2024-05-11 17:45:00,6,0,5,6,8,0
2024-05-11 18:00:00,10,0,5,9,5,0
2024-05-11 18:15:00,11,0,5,11,7,0
2024-05-11 18:30:00,10,0,5,14,7,0
2024-05-11 18:45:00,10,0,5,13,9,0
2024-05-11 19:00:00,9,0,5,13,9,0
2024-05-11 19:15:00,6,0,5,10,10,0
2024-05-11 19:30:00,7,0,5,13,10,0
2024-05-11 19:45:00,7,0,5,13,10,0
2024-05-11 20:00:00,8,0,5,14,11,0
2024-05-11 20:15:00,7,0,5,11,11,0
2024-05-11 20:30:00,5,0,5,13,11,0
2024-05-11 20:45:00,3,0,5,9,6,0
2024-05-11 21:00:00,1,0,5,7,6,0
2024-05-11 21:15:00,0,0,5,7,7,0
2024-05-11 21:30:00,0,0,5,6,7,0
2024-05-11 21:45:00,0,0,5,6,5,0
2024-05-11 22:00:00,0,0,5,6,5,0
2024-05-11 22:15:00,0,0,5,5,2,0
2024-05-11 22:30:00,0,0,5,5,1,0
2024-05-11 22:45:00,0,0,5,7,1,0
2024-05-11 23:00:00,0,0,5,3,0,0
2024-05-11 23:15:00,0,0,5,1,0,0
2024-05-11 23:30:00,0,0,5,1,0,0
2024-05-11 23:45:00,0,0,5,1,0,0
2024-05-11 00:00:00,0,0,5,0,0,0
2024-05-12 06:00:00,0,0,6,0,0,0
2024-05-12 06:15:00,0,0,6,0,0,0
2024-05-12 06:30:00,0,0,6,0,0,0
2024-05-12 06:45:00,0,0,6,1,0,0
2024-05-12 07:00:00,0,0,6,3,2,0
2024-05-12 07:15:00,0,0,6,4,3,0
2024-05-12 07:30:00,0,0,6,6,4,0
2024-05-12 07:45:00,0,0,6,5,5,0
2024-05-12 08:00:00,0,0,6,5,5,0
2024-05-12 08:15:00,0,0,6,5,5,0
2024-05-12 08:30:00,0,0,6,6,5,0
2024-05-12 08:45:00,0,0,6,6,8,0
2024-05-12 09:00:00,0,0,6,5,8,0
2024-05-12 09:15:00,0,0,6,5,9,0
2024-05-12 09:30:00,2,0,6,7,9,0
2024-05-12 09:45:00,2,0,6,7,10,0
2024-05-12 10:00:00,5,0,6,8,10,0
2024-05-12 10:15:00,5,0,6,10,10,0
2024-05-12 10:30:00,9,0,6,15,6,0
2024-05-12 10:45:00,12,0,6,15,6,0
2024-05-12 11:00:00,8,0,6,12,5,0
2024-05-12 11:15:00,5,0,6,11,5,0
2024-05-12 11:30:00,8,0,6,11,6,0
2024-05-12 11:45:00,6,0,6,12,6,0
2024-05-12 12:00:00,0,0,6,13,6,0
2024-05-12 12:15:00,0,0,6,8,5,0
2024-05-12 12:30:00,0,0,6,9,5,0
2024-05-12 12:45:00,0,0,6,10,5,0
2024-05-12 13:00:00,0,0,6,7,8,0
2024-05-12 13:15:00,3,0,6,8,8,0
2024-05-12 13:30:00,4,0,6,11,8,0
2024-05-12 13:45:00,5,0,6,12,8,0
2024-05-12 14:00:00,3,0,6,9,8,0
2024-05-12 14:15:00,6,0,6,12,8,0
2024-05-12 14:30:00,11,0,6,14,7,0
2024-05-12 14:45:00,10,0,6,14,5,0
2024-05-12 15:00:00,10,0,6,14,5,0
2024-05-12 15:15:00,9,0,6,13,5,0
2024-05-12 15:30:00,9,0,6,13,6,0
2024-05-12 15:45:00,10,0,6,14,5,0
2024-05-12 16:00:00,7,0,6,14,5,0
2024-05-12 16:15:00,0,0,6,9,5,0
2024-05-12 16:30:00,0,0,6,9,5,0
2024-05-12 16:45:00,0,0,6,6,7,0
2024-05-12 17:00:00,0,0,6,7,7,0
2024-05-12 17:15:00,3,0,6,7,7,0
2024-05-12 17:30:00,4,0,6,9,10,0
2024-05-12 17:45:00,4,0,6,9,10,0
2024-05-12 18:00:00,4,0,6,9,10,0
2024-05-12 18:15:00,8,0,6,11,7,0
2024-05-12 18:30:00,10,0,6,13,7,0
2024-05-12 18:45:00,11,0,6,13,7,0
2024-05-12 19:00:00,11,0,6,12,11,0
2024-05-12 19:15:00,8,0,6,14,10,0
2024-05-12 19:30:00,9,0,6,11,10,0
2024-05-12 19:45:00,6,0,6,11,7,0
2024-05-12 20:00:00,6,0,6,10,7,0
2024-05-12 20:15:00,6,0,6,7,7,0
2024-05-12 20:30:00,3,0,6,7,4,0
2024-05-12 20:45:00,5,0,6,7,4,0
2024-05-12 21:00:00,0,0,6,6,3,0
2024-05-12 21:15:00,0,0,6,9,3,0
2024-05-12 21:30:00,0,0,6,9,3,0
2024-05-12 21:45:00,0,0,6,8,3,0
2024-05-12 22:00:00,0,0,6,5,2,0
2024-05-12 22:15:00,0,0,6,5,2,0
2024-05-12 22:30:00,0,0,6,3,2,0
2024-05-12 22:45:00,0,0,6,3,1,0
2024-05-12 23:00:00,0,0,6,2,1,0
2024-05-12 23:15:00,0,0,6,0,0,0
2024-05-12 23:30:00,0,0,6,0,0,0
2024-05-12 23:45:00,0,0,6,0,0,0
2024-05-12 00:00:00,0,0,6,0,0,0
2024-05-13 06:00:00,2,0,0,5,2,0
2024-05-13 06:15:00,0,0,0,2,3,0
2024-05-13 06:30:00,0,0,0,2,3,0
2024-05-13 06:45:00,0,0,0,5,4,0
2024-05-13 07:00:00,6,0,0,3,10,0
2024-05-13 07:15:00,14,0,0,15,10,0
2024-05-13 07:30:00,1,0,0,18,11,0
2024-05-13 07:45:00,0,0,0,7,12,0
2024-05-13 08:00:00,0,0,0,3,15,0
2024-05-13 08:15:00,0,0,0,3,10,0
2024-05-13 08:30:00,6,0,0,7,6,0
2024-05-13 08:45:00,8,0,0,15,10,0
2024-05-13 09:00:00,2,0,0,15,10,0
2024-05-13 09:15:00,2,0,0,12,13,0
2024-05-13 09:30:00,4,0,0,11,13,0
2024-05-13 09:45:00,7,0,0,11,13,0
2024-05-13 10:00:00,8,0,0,11,11,0
2024-05-13 10:15:00,4,0,0,11,11,0
2024-05-13 10:30:00,0,0,0,15,14,0
2024-05-13 10:45:00,0,0,0,15,8,0
2024-05-13 11:00:00,3,0,0,15,7,0
2024-05-13 11:15:00,3,0,0,15,12,0
2024-05-13 11:30:00,0,0,0,17,14,0
2024-05-13 11:45:00,0,0,0,17,14,0
2024-05-13 12:00:00,0,0,0,17,11,0
2024-05-13 12:15:00,3,0,0,12,6,0
2024-05-13 12:30:00,8,0,0,13,7,0
2024-05-13 12:45:00,6,0,0,12,7,0
2024-05-13 13:00:00,12,0,0,20,8,0
2024-05-13 13:15:00,9,0,0,20,9,0
2024-05-13 13:30:00,9,0,0,20,11,0
2024-05-13 13:45:00,16,0,0,20,12,0
2024-05-13 14:00:00,7,0,0,18,12,0
2024-05-13 14:15:00,8,0,0,16,11,0
2024-05-13 14:30:00,3,0,0,15,11,0
2024-05-13 14:45:00,0,0,0,11,12,0
2024-05-13 15:00:00,0,0,0,11,12,0
2024-05-13 15:15:00,0,0,0,11,7,0
2024-05-13 15:30:00,0,0,0,11,11,0
2024-05-13 15:45:00,0,0,0,11,11,0
2024-05-13 16:00:00,6,0,0,10,8,0
2024-05-13 16:15:00,7,0,0,12,8,0
2024-05-13 16:30:00,11,0,0,11,7,0
2024-05-13 16:45:00,3,0,0,11,11,0
2024-05-13 17:00:00,0,0,0,10,11,0
2024-05-13 17:15:00,7,0,0,12,13,0
2024-05-13 17:30:00,5,0,0,12,12,0
2024-05-13 17:45:00,5,0,0,12,12,0
2024-05-13 18:00:00,2,0,0,12,11,0
2024-05-13 18:15:00,11,0,0,15,15,0
2024-05-13 18:30:00,10,0,0,15,9,0
2024-05-13 18:45:00,19,0,0,26,6,0
2024-05-13 19:00:00,14,0,0,27,5,0
2024-05-13 19:15:00,8,0,0,26,8,0
2024-05-13 19:30:00,0,0,0,32,15,0
2024-05-13 19:45:00,0,0,0,23,14,0
2024-05-13 20:00:00,29,0,0,48,7,0
2024-05-13 20:15:00,25,0,0,42,4,0
2024-05-13 20:30:00,12,0,0,36,4,0
2024-05-13 20:45:00,4,0,0,32,12,0
2024-05-13 21:00:00,0,0,0,33,22,0
2024-05-13 21:15:00,15,0,0,38,22,0
2024-05-13 21:30:00,5,0,0,31,15,0
2024-05-13 21:45:00,9,0,0,33,15,0
2024-05-13 22:00:00,12,0,0,32,11,0
2024-05-13 22:15:00,10,0,0,35,7,0
2024-05-13 22:30:00,16,0,0,26,7,0
2024-05-13 22:45:00,9,0,0,16,3,0
2024-05-13 23:00:00,4,0,0,11,3,0
2024-05-13 23:15:00,1,0,0,8,3,0
2024-05-13 23:30:00,0,0,0,3,1,0
2024-05-13 23:45:00,0,0,0,3,1,0
2024-05-13 00:00:00,0,0,0,0,1,0
2024-05-14 06:00:00,2,0,1,3,1,0
2024-05-14 06:15:00,2,0,1,4,3,0
2024-05-14 06:30:00,0,0,1,4,3,0
2024-05-14 06:45:00,0,0,1,7,3,0
2024-05-14 07:00:00,0,0,1,10,6,0
2024-05-14 07:15:00,0,0,1,9,6,0
2024-05-14 07:30:00,0,0,1,9,6,0
2024-05-14 07:45:00,6,0,1,11,6,0
2024-05-14 08:00:00,4,0,1,11,6,0
2024-05-14 08:15:00,15,0,1,20,5,0
2024-05-14 08:30:00,6,0,1,17,14,0
2024-05-14 08:45:00,0,0,1,15,15,0
2024-05-14 09:00:00,4,0,1,15,7,0
2024-05-14 09:15:00,8,0,1,19,5,0
2024-05-14 09:30:00,0,0,1,22,14,0
2024-05-14 09:45:00,0,0,1,21,14,0
2024-05-14 10:00:00,0,0,1,16,18,0
2024-05-14 10:15:00,12,0,1,16,14,0
2024-05-14 10:30:00,0,0,1,15,11,0
2024-05-14 10:45:00,0,0,1,11,11,0
2024-05-14 11:00:00,0,0,1,11,3,0
2024-05-14 11:15:00,0,0,1,10,2,0
2024-05-14 11:30:00,0,0,1,11,11,0
2024-05-14 11:45:00,0,0,1,14,11,0
2024-05-14 12:00:00,0,0,1,20,11,0
2024-05-14 12:15:00,0,0,1,22,11,0
2024-05-14 12:30:00,0,0,1,30,12,0
2024-05-14 12:45:00,0,0,1,27,15,0
2024-05-14 13:00:00,0,0,1,27,19,0
2024-05-14 13:15:00,0,0,1,26,15,0
2024-05-14 13:30:00,3,0,1,27,16,0
2024-05-14 13:45:00,3,0,1,22,12,0
2024-05-14 14:00:00,5,0,1,16,15,0
2024-05-14 14:15:00,3,0,1,15,15,0
2024-05-14 14:30:00,0,0,1,15,16,0
2024-05-14 14:45:00,0,0,1,15,12,0
2024-05-14 15:00:00,0,0,1,15,13,0
2024-05-14 15:15:00,5,0,1,17,8,0
2024-05-14 15:30:00,2,0,1,12,11,0
2024-05-14 15:45:00,5,0,1,12,10,0
2024-05-14 16:00:00,4,0,1,12,10,0
2024-05-14 16:15:00,0,0,1,12,11,0
2024-05-14 16:30:00,0,0,1,12,6,0
2024-05-14 16:45:00,0,0,1,10,8,0
2024-05-14 17:00:00,9,0,1,11,7,0
2024-05-14 17:15:00,5,0,1,14,8,0
2024-05-14 17:30:00,5,0,1,14,5,0
2024-05-14 17:45:00,0,0,1,13,19,0
2024-05-14 18:00:00,0,0,1,23,13,0
2024-05-14 18:15:00,0,0,1,23,14,0
2024-05-14 18:30:00,0,0,1,24,21,0
2024-05-14 18:45:00,3,0,1,24,10,0
2024-05-14 19:00:00,2,0,1,22,6,0
2024-05-14 19:15:00,8,0,1,21,6,0
2024-05-14 19:30:00,8,0,1,29,14,0
2024-05-14 19:45:00,16,0,1,32,18,0
2024-05-14 20:00:00,22,0,1,33,10,0
2024-05-14 20:15:00,16,0,1,28,4,0
2024-05-14 20:30:00,4,0,1,22,4,0
2024-05-14 20:45:00,7,0,1,25,3,0
2024-05-14 21:00:00,7,0,1,29,3,0
2024-05-14 21:15:00,14,0,1,36,18,0
2024-05-14 21:30:00,11,0,1,33,13,0
2024-05-14 21:45:00,7,0,1,39,10,0
2024-05-14 22:00:00,4,0,1,28,9,0
2024-05-14 22:15:00,15,0,1,30,6,0
2024-05-14 22:30:00,15,0,1,31,4,0
2024-05-14 22:45:00,3,0,1,21,4,0
2024-05-14 23:00:00,1,0,1,10,2,0
2024-05-14 23:15:00,1,0,1,7,2,0
2024-05-14 23:30:00,0,0,1,4,2,0
2024-05-14 23:45:00,0,0,1,2,1,0
2024-05-14 00:00:00,0,0,1,0,0,0
2024-05-15 06:00:00,1,1,2,1,2,0
2024-05-15 06:15:00,2,1,2,1,2,0
2024-05-15 06:30:00,1,1,2,3,3,0
2024-05-15 06:45:00,0,1,2,4,6,0
2024-05-15 07:00:00,0,1,2,4,6,0
2024-05-15 07:15:00,4,1,2,13,6,0
2024-05-15 07:30:00,7,1,2,14,7,0
2024-05-15 07:45:00,7,1,2,12,11,0
2024-05-15 08:00:00,6,1,2,19,14,0
2024-05-15 08:15:00,15,1,2,26,12,0
2024-05-15 08:30:00,0,1,2,16,12,0
2024-05-15 08:45:00,0,1,2,19,11,0
2024-05-15 09:00:00,7,1,2,21,13,0
2024-05-15 09:15:00,0,1,2,15,13,0
2024-05-15 09:30:00,0,1,2,14,14,0
2024-05-15 09:45:00,0,1,2,15,12,0
2024-05-15 10:00:00,3,1,2,10,12,0
2024-05-15 10:15:00,3,1,2,11,16,0
2024-05-15 10:30:00,14,1,2,12,11,0
2024-05-15 10:45:00,4,1,2,13,11,0
2024-05-15 11:00:00,6,1,2,11,11,0
2024-05-15 11:15:00,11,1,2,12,10,0
2024-05-15 11:30:00,5,1,2,14,8,0
2024-05-15 11:45:00,0,1,2,15,8,0
2024-05-15 12:00:00,6,1,2,15,11,0
2024-05-15 12:15:00,12,1,2,16,11,0
2024-05-15 12:30:00,14,1,2,17,13,0
2024-05-15 12:45:00,5,1,2,15,13,0
2024-05-15 13:00:00,0,1,2,12,12,0
2024-05-15 13:15:00,0,1,2,16,12,0
2024-05-15 13:30:00,0,1,2,13,12,0
2024-05-15 13:45:00,0,1,2,12,10,0
2024-05-15 14:00:00,0,1,2,18,10,0
2024-05-15 14:15:00,0,1,2,15,11,0
2024-05-15 14:30:00,10,1,2,15,14,0
2024-05-15 14:45:00,12,1,2,17,14,0
2024-05-15 15:00:00,5,1,2,17,8,0
2024-05-15 15:15:00,0,1,2,12,12,0
2024-05-15 15:30:00,0,1,2,14,12,0
2024-05-15 15:45:00,0,1,2,11,13,0
2024-05-15 16:00:00,11,1,2,15,13,0
2024-05-15 16:15:00,8,1,2,12,13,0
2024-05-15 16:30:00,0,1,2,11,7,0
2024-05-15 16:45:00,0,1,2,10,7,0
2024-05-15 17:00:00,0,1,2,10,6,0
2024-05-15 17:15:00,6,1,2,10,12,0
2024-05-15 17:30:00,3,1,2,14,9,0
2024-05-15 17:45:00,3,1,2,12,9,0
2024-05-15 18:00:00,5,1,2,12,6,0
2024-05-15 18:15:00,0,1,2,14,6,0
2024-05-15 18:30:00,0,1,2,14,10,0
2024-05-15 18:45:00,0,1,2,12,12,0
2024-05-15 19:00:00,0,1,2,13,13,0
2024-05-15 19:15:00,3,1,2,20,13,0
2024-05-15 19:30:00,11,1,2,22,16,0
2024-05-15 19:45:00,6,1,2,25,10,0
2024-05-15 20:00:00,14,1,2,25,9,0
2024-05-15 20:15:00,27,1,2,24,9,0
2024-05-15 20:30:00,31,1,2,22,19,0
2024-05-15 20:45:00,11,1,2,31,20,0
2024-05-15 21:00:00,5,1,2,33,15,0
2024-05-15 21:15:00,17,1,2,32,12,0
2024-05-15 21:30:00,21,1,2,33,10,0
2024-05-15 21:45:00,13,1,2,31,10,0
2024-05-15 22:00:00,11,1,2,31,5,0
2024-05-15 22:15:00,6,1,2,30,5,0
2024-05-15 22:30:00,6,1,2,27,5,0
2024-05-15 22:45:00,4,1,2,22,7,0
2024-05-15 23:00:00,2,1,2,9,7,0
2024-05-15 23:15:00,1,1,2,6,2,0
2024-05-15 23:30:00,2,1,2,4,1,0
2024-05-15 23:45:00,0,1,2,1,0,0
2024-05-15 00:00:00,0,1,2,0,0,0
2024-05-16 06:00:00,2,0,3,2,1,0
2024-05-16 06:15:00,0,0,3,2,1,0
2024-05-16 06:30:00,0,0,3,3,2,0
2024-05-16 06:45:00,0,0,3,4,2,0
2024-05-16 07:00:00,0,0,3,13,4,0
2024-05-16 07:15:00,0,0,3,11,6,0
2024-05-16 07:30:00,3,0,3,12,12,0
2024-05-16 07:45:00,2,0,3,12,11,0
2024-05-16 08:00:00,3,0,3,28,16,0
2024-05-16 08:15:00,7,0,3,24,20,0
2024-05-16 08:30:00,4,0,3,17,15,0
2024-05-16 08:45:00,2,0,3,16,9,0
2024-05-16 09:00:00,3,0,3,14,7,0
2024-05-16 09:15:00,6,0,3,9,4,0
2024-05-16 09:30:00,9,0,3,11,4,0
2024-05-16 09:45:00,6,0,3,12,3,0
2024-05-16 10:00:00,9,0,3,12,3,0
2024-05-16 10:15:00,8,0,3,13,5,0
2024-05-16 10:30:00,8,0,3,14,5,0
2024-05-16 10:45:00,14,0,3,16,5,0
2024-05-16 11:00:00,14,0,3,14,5,0
2024-05-16 11:15:00,15,0,3,16,4,0
2024-05-16 11:30:00,13,0,3,15,4,0
2024-05-16 11:45:00,14,0,3,13,4,0
2024-05-16 12:00:00,17,0,3,16,4,0
2024-05-16 12:15:00,10,0,3,13,7,0
2024-05-16 12:30:00,11,0,3,12,6,0
2024-05-16 12:45:00,11,0,3,14,7,0
2024-05-16 13:00:00,10,0,3,15,11,0
2024-05-16 13:15:00,7,0,3,14,11,0
2024-05-16 13:30:00,4,0,3,14,9,0
2024-05-16 13:45:00,6,0,3,14,9,0
2024-05-16 14:00:00,5,0,3,12,6,0
2024-05-16 14:15:00,6,0,3,9,5,0
2024-05-16 14:30:00,6,0,3,10,7,0
2024-05-16 14:45:00,4,0,3,10,7,0
2024-05-16 15:00:00,5,0,3,9,13,0
2024-05-16 15:15:00,3,0,3,8,10,0
2024-05-16 15:30:00,6,0,3,11,11,0
2024-05-16 15:45:00,10,0,3,13,11,0
2024-05-16 16:00:00,12,0,3,13,11,0
2024-05-16 16:15:00,9,0,3,10,16,0
2024-05-16 16:30:00,9,0,3,11,19,0
2024-05-16 16:45:00,8,0,3,11,12,0
2024-05-16 17:00:00,3,0,3,9,11,0
2024-05-16 17:15:00,0,0,3,8,11,0
2024-05-16 17:30:00,0,0,3,11,19,0
2024-05-16 17:45:00,0,0,3,10,17,0
2024-05-16 18:00:00,13,0,3,20,19,0
2024-05-16 18:15:00,18,0,3,27,19,0
2024-05-16 18:30:00,25,0,3,26,19,0
2024-05-16 18:45:00,19,0,3,24,10,0
2024-05-16 19:00:00,9,0,3,15,12,0
2024-05-16 19:15:00,0,0,3,14,22,0
2024-05-16 19:30:00,6,0,3,18,19,0
2024-05-16 19:45:00,11,0,3,15,15,0
2024-05-16 20:00:00,10,0,3,22,10,0
2024-05-16 20:15:00,17,0,3,30,10,0
2024-05-16 20:30:00,20,0,3,22,11,0
2024-05-16 20:45:00,6,0,3,21,15,0
2024-05-16 21:00:00,0,0,3,20,12,0
2024-05-16 21:15:00,0,0,3,27,11,0
2024-05-16 21:30:00,8,0,3,25,11,0
2024-05-16 21:45:00,10,0,3,20,11,0
2024-05-16 22:00:00,18,0,3,23,13,0
2024-05-16 22:15:00,20,0,3,23,12,0
2024-05-16 22:30:00,15,0,3,19,12,0
2024-05-16 22:45:00,6,0,3,18,3,0
2024-05-16 23:00:00,4,0,3,11,2,0
2024-05-16 23:15:00,1,0,3,6,2,0
2024-05-16 23:30:00,1,0,3,3,1,0
2024-05-16 23:45:00,0,0,3,2,1,0
2024-05-16 00:00:00,0,0,3,0,1,0
2024-05-17 06:00:00,2,0,4,2,1,0
2024-05-17 06:15:00,2,0,4,4,2,0
2024-05-17 06:30:00,0,0,4,2,2,0
2024-05-17 06:45:00,0,0,4,2,7,0
2024-05-17 07:00:00,0,0,4,5,9,0
2024-05-17 07:15:00,0,0,4,9,10,0
2024-05-17 07:30:00,2,0,4,13,22,0
2024-05-17 07:45:00,2,0,4,12,18,0
2024-05-17 08:00:00,4,0,4,14,13,0
2024-05-17 08:15:00,0,0,4,14,13,0
2024-05-17 08:30:00,0,0,4,15,11,0
2024-05-17 08:45:00,5,0,4,16,10,0
2024-05-17 09:00:00,9,0,4,17,10,0
2024-05-17 09:15:00,17,0,4,16,11,0
2024-05-17 09:30:00,22,0,4,21,11,0
2024-05-17 09:45:00,10,0,4,11,14,0
2024-05-17 10:00:00,6,0,4,7,14,0
2024-05-17 10:15:00,0,0,4,7,16,0
2024-05-17 10:30:00,0,0,4,8,13,0
2024-05-17 10:45:00,0,0,4,10,17,0
2024-05-17 11:00:00,4,0,4,11,17,0
2024-05-17 11:15:00,9,0,4,10,20,0
2024-05-17 11:30:00,3,0,4,7,21,0
2024-05-17 11:45:00,0,0,4,8,22,0
2024-05-17 12:00:00,0,0,4,14,22,0
2024-05-17 12:15:00,0,0,4,14,13,0
2024-05-17 12:30:00,5,0,4,15,12,0
2024-05-17 12:45:00,10,0,4,16,12,0
2024-05-17 13:00:00,0,0,4,17,8,0
2024-05-17 13:15:00,0,0,4,13,8,0
2024-05-17 13:30:00,7,0,4,7,7,0
2024-05-17 13:45:00,7,0,4,7,10,0
2024-05-17 14:00:00,0,0,4,6,14,0
2024-05-17 14:15:00,0,0,4,9,14,0
2024-05-17 14:30:00,2,0,4,9,15,0
2024-05-17 14:45:00,14,0,4,9,16,0
2024-05-17 15:00:00,3,0,4,8,10,0
2024-05-17 15:15:00,0,0,4,8,11,0
2024-05-17 15:30:00,0,0,4,7,13,0
2024-05-17 15:45:00,0,0,4,7,13,0
2024-05-17 16:00:00,0,0,4,7,19,0
2024-05-17 16:15:00,0,0,4,8,22,0
2024-05-17 16:30:00,7,0,4,10,19,0
2024-05-17 16:45:00,6,0,4,11,12,0
2024-05-17 17:00:00,3,0,4,10,7,0
2024-05-17 17:15:00,3,0,4,9,7,0
2024-05-17 17:30:00,5,0,4,9,2,0
2024-05-17 17:45:00,5,0,4,9,3,0
2024-05-17 18:00:00,7,0,4,10,10,0
2024-05-17 18:15:00,11,0,4,13,12,0
2024-05-17 18:30:00,23,0,4,21,12,0
2024-05-17 18:45:00,9,0,4,15,14,0
2024-05-17 19:00:00,3,0,4,15,12,0
2024-05-17 19:15:00,0,0,4,18,15,0
2024-05-17 19:30:00,0,0,4,15,6,0
2024-05-17 19:45:00,24,0,4,25,6,0
2024-05-17 20:00:00,29,0,4,34,8,0
2024-05-17 20:15:00,8,0,4,20,8,0
2024-05-17 20:30:00,11,0,4,22,9,0
2024-05-17 20:45:00,0,0,4,21,20,0
2024-05-17 21:00:00,0,0,4,25,19,0
2024-05-17 21:15:00,6,0,4,27,14,0
2024-05-17 21:30:00,6,0,4,30,9,0
2024-05-17 21:45:00,13,0,4,31,5,0
2024-05-17 22:00:00,17,0,4,32,5,0
2024-05-17 22:15:00,14,0,4,33,4,0
2024-05-17 22:30:00,10,0,4,15,4,0
2024-05-17 22:45:00,6,0,4,11,3,0
2024-05-17 23:00:00,6,0,4,11,3,0
2024-05-17 23:15:00,2,0,4,6,3,0
2024-05-17 23:30:00,2,0,4,2,1,0
2024-05-17 23:45:00,0,0,4,2,1,0
2024-05-17 00:00:00,0,0,4,0,0,0
2024-05-18 06:00:00,0,0,5,0,0,0
2024-05-18 06:15:00,0,0,5,0,1,0
2024-05-18 06:30:00,0,0,5,2,1,0
2024-05-18 06:45:00,0,0,5,9,2,0
2024-05-18 07:00:00,8,0,5,12,5,0
2024-05-18 07:15:00,5,0,5,8,9,0
2024-05-18 07:30:00,8,0,5,9,9,0
2024-05-18 07:45:00,0,0,5,4,13,0
2024-05-18 08:00:00,0,0,5,3,15,0
2024-05-18 08:15:00,0,0,5,3,15,0
2024-05-18 08:30:00,0,0,5,4,14,0
2024-05-18 08:45:00,0,0,5,7,14,0
2024-05-18 09:00:00,0,0,5,7,14,0
2024-05-18 09:15:00,0,0,5,6,13,0
2024-05-18 09:30:00,0,0,5,7,13,0
2024-05-18 09:45:00,2,0,5,7,13,0
2024-05-18 10:00:00,2,0,5,8,8,0
2024-05-18 10:15:00,7,0,5,8,8,0
2024-05-18 10:30:00,11,0,5,11,8,0
2024-05-18 10:45:00,14,0,5,13,6,0
2024-05-18 11:00:00,18,0,5,20,6,0
2024-05-18 11:15:00,15,0,5,15,7,0
2024-05-18 11:30:00,14,0,5,19,7,0
2024-05-18 11:45:00,9,0,5,12,10,0
2024-05-18 12:00:00,0,0,5,10,11,0
2024-05-18 12:15:00,0,0,5,6,11,0
2024-05-18 12:30:00,0,0,5,6,9,0
2024-05-18 12:45:00,0,0,5,6,9,0
2024-05-18 13:00:00,0,0,5,7,7,0
2024-05-18 13:15:00,9,0,5,9,7,0
2024-05-18 13:30:00,11,0,5,12,7,0
2024-05-18 13:45:00,11,0,5,12,7,0
2024-05-18 14:00:00,13,0,5,15,6,0
2024-05-18 14:15:00,17,0,5,18,6,0
2024-05-18 14:30:00,17,0,5,21,6,0
2024-05-18 14:45:00,14,0,5,16,6,0
2024-05-18 15:00:00,11,0,5,15,4,0
2024-05-18 15:15:00,11,0,5,15,5,0
2024-05-18 15:30:00,11,0,5,14,5,0
2024-05-18 15:45:00,15,0,5,16,7,0
2024-05-18 16:00:00,15,0,5,16,7,0
2024-05-18 16:15:00,0,0,5,9,4,0
2024-05-18 16:30:00,0,0,5,7,4,0
2024-05-18 16:45:00,0,0,5,7,4,0
2024-05-18 17:00:00,0,0,5,5,4,0
2024-05-18 17:15:00,4,0,5,8,6,0
2024-05-18 17:30:00,8,0,5,9,7,0
2024-05-18 17:45:00,8,0,5,7,7,0
2024-05-18 18:00:00,8,0,5,12,4,0
2024-05-18 18:15:00,6,0,5,13,6,0
2024-05-18 18:30:00,9,0,5,13,6,0
2024-05-18 18:45:00,9,0,5,12,6,0
2024-05-18 19:00:00,9,0,5,14,6,0
2024-05-18 19:15:00,10,0,5,9,5,0
2024-05-18 19:30:00,11,0,5,11,5,0
2024-05-18 19:45:00,11,0,5,11,5,0
2024-05-18 20:00:00,7,0,5,12,5,0
2024-05-18 20:15:00,7,0,5,10,5,0
2024-05-18 20:30:00,9,0,5,8,6,0
2024-05-18 20:45:00,2,0,5,7,4,0
2024-05-18 21:00:00,2,0,5,6,4,0
2024-05-18 21:15:00,2,0,5,6,5,0
2024-05-18 21:30:00,0,0,5,6,5,0
2024-05-18 21:45:00,0,0,5,5,5,0
2024-05-18 22:00:00,0,0,5,5,4,0
2024-05-18 22:15:00,0,0,5,4,4,0
2024-05-18 22:30:00,0,0,5,4,2,0
2024-05-18 22:45:00,0,0,5,4,2,0
2024-05-18 23:00:00,0,0,5,3,1,0
2024-05-18 23:15:00,0,0,5,1,0,0
2024-05-18 23:30:00,0,0,5,1,0,0
2024-05-18 23:45:00,0,0,5,0,0,0
2024-05-18 00:00:00,0,0,5,0,0,0
2024-05-19 06:00:00,0,0,6,0,0,0
2024-05-19 06:15:00,0,0,6,0,0,0
2024-05-19 06:30:00,0,0,6,0,1,0
2024-05-19 06:45:00,0,0,6,1,2,0
2024-05-19 07:00:00,0,0,6,2,2,0
2024-05-19 07:15:00,0,0,6,5,4,0
2024-05-19 07:30:00,0,0,6,6,4,0
2024-05-19 07:45:00,0,0,6,4,5,0
2024-05-19 08:00:00,0,0,6,6,8,0
2024-05-19 08:15:00,0,0,6,6,8,0
2024-05-19 08:30:00,0,0,6,9,9,0
2024-05-19 08:45:00,0,0,6,10,12,0
2024-05-19 09:00:00,0,0,6,6,10,0
2024-05-19 09:15:00,0,0,6,4,9,0
2024-05-19 09:30:00,0,0,6,7,9,0
2024-05-19 09:45:00,2,0,6,6,9,0
2024-05-19 10:00:00,4,0,6,9,11,0
2024-05-19 10:15:00,5,0,6,9,11,0
2024-05-19 10:30:00,9,0,6,12,12,0
2024-05-19 10:45:00,8,0,6,11,8,0
2024-05-19 11:00:00,7,0,6,10,8,0
2024-05-19 11:15:00,7,0,6,8,8,0
2024-05-19 11:30:00,5,0,6,9,5,0
2024-05-19 11:45:00,4,0,6,12,5,0
2024-05-19 12:00:00,0,0,6,11,6,0
2024-05-19 12:15:00,0,0,6,5,6,0
2024-05-19 12:30:00,0,0,6,4,6,0
2024-05-19 12:45:00,0,0,6,4,6,0
2024-05-19 13:00:00,0,0,6,8,8,0
2024-05-19 13:15:00,3,0,6,8,8,0
2024-05-19 13:30:00,7,0,6,10,7,0
2024-05-19 13:45:00,5,0,6,6,6,0
2024-05-19 14:00:00,5,0,6,7,8,0
2024-05-19 14:15:00,8,0,6,14,8,0
2024-05-19 14:30:00,10,0,6,14,8,0
2024-05-19 14:45:00,9,0,6,13,6,0
2024-05-19 15:00:00,10,0,6,14,5,0
2024-05-19 15:15:00,10,0,6,13,6,0
2024-05-19 15:30:00,8,0,6,14,6,0
2024-05-19 15:45:00,9,0,6,12,5,0
2024-05-19 16:00:00,6,0,6,11,7,0
2024-05-19 16:15:00,0,0,6,10,5,0
2024-05-19 16:30:00,0,0,6,7,5,0
2024-05-19 16:45:00,0,0,6,5,6,0
2024-05-19 17:00:00,0,0,6,5,6,0
2024-05-19 17:15:00,3,0,6,5,5,0
2024-05-19 17:30:00,4,0,6,7,7,0
2024-05-19 17:45:00,5,0,6,7,7,0
2024-05-19 18:00:00,8,0,6,11,7,0
2024-05-19 18:15:00,9,0,6,12,7,0
2024-05-19 18:30:00,9,0,6,14,7,0
2024-05-19 18:45:00,7,0,6,14,10,0
2024-05-19 19:00:00,8,0,6,13,10,0
2024-05-19 19:15:00,11,0,6,13,11,0
2024-05-19 19:30:00,8,0,6,12,11,0
2024-05-19 19:45:00,7,0,6,11,10,0
2024-05-19 20:00:00,7,0,6,10,6,0
2024-05-19 20:15:00,7,0,6,11,6,0
2024-05-19 20:30:00,6,0,6,8,6,0
2024-05-19 20:45:00,3,0,6,8,5,0
2024-05-19 21:00:00,0,0,6,8,5,0
2024-05-19 21:15:00,0,0,6,5,4,0
2024-05-19 21:30:00,0,0,6,4,2,0
2024-05-19 21:45:00,0,0,6,5,2,0
2024-05-19 22:00:00,0,0,6,4,2,0
2024-05-19 22:15:00,0,0,6,4,2,0
2024-05-19 22:30:00,0,0,6,2,1,0
2024-05-19 22:45:00,0,0,6,2,1,0
2024-05-19 23:00:00,0,0,6,0,0,0
2024-05-19 23:15:00,0,0,6,0,0,0
2024-05-19 23:30:00,0,0,6,0,0,0
2024-05-19 23:45:00,0,0,6,0,0,0
2024-05-19 00:00:00,0,0,6,0,0,0
