Año,Mes,Día,Horas,Minutos,Segundos,Numero de pasajeros,Eventos especiales,Dia de la semana,Flujo de personas,Flujo de choferes,Clima
2024,4,22,6,0,0,2,0,0,6,2,0
2024,4,22,6,15,0,0,0,0,4,2,0
2024,4,22,6,30,0,0,0,0,4,4,0
2024,4,22,6,45,0,2,0,0,5,6,0
2024,4,22,7,0,0,3,0,0,4,9,0
2024,4,22,7,15,0,8,0,0,14,11,0
2024,4,22,7,30,0,11,0,0,19,14,0
2024,4,22,7,45,0,2,0,0,6,16,0
2024,4,22,8,0,0,0,0,0,4,15,0
2024,4,22,8,15,0,0,0,0,4,7,0
2024,4,22,8,30,0,0,0,0,8,8,0
2024,4,22,8,45,0,4,0,0,16,11,0
2024,4,22,9,0,0,4,0,0,16,12,0
2024,4,22,9,15,0,2,0,0,16,14,0
2024,4,22,9,30,0,0,0,0,15,16,0
2024,4,22,9,45,0,0,0,0,15,13,0
2024,4,22,10,0,0,3,0,0,15,16,0
2024,4,22,10,15,0,2,0,0,15,9,0
2024,4,22,10,30,0,0,0,0,20,15,0
2024,4,22,10,45,0,9,0,0,20,9,0
2024,4,22,11,0,0,8,0,0,20,5,0
2024,4,22,11,15,0,5,0,0,20,11,0
2024,4,22,11,30,0,0,0,0,22,14,0
2024,4,22,11,45,0,0,0,0,22,16,0
2024,4,22,12,0,0,0,0,0,22,6,0
2024,4,22,12,15,0,2,0,0,15,6,0
2024,4,22,12,30,0,6,0,0,15,5,0
2024,4,22,12,45,0,5,0,0,15,10,0
2024,4,22,13,0,0,12,0,0,24,10,0
2024,4,22,13,15,0,9,0,0,24,10,0
2024,4,22,13,30,0,15,0,0,24,10,0
2024,4,22,13,45,0,10,0,0,24,12,0
2024,4,22,14,0,0,7,0,0,22,12,0
2024,4,22,14,15,0,3,0,0,18,15,0
2024,4,22,14,30,0,0,0,0,18,12,0
2024,4,22,14,45,0,2,0,0,15,12,0
2024,4,22,15,0,0,0,0,0,15,10,0
2024,4,22,15,15,0,1,0,0,15,9,0
2024,4,22,15,30,0,0,0,0,15,10,0
2024,4,22,15,45,0,0,0,0,15,10,0
2024,4,22,16,0,0,0,0,0,14,9,0
2024,4,22,16,15,0,2,0,0,14,8,0
2024,4,22,16,30,0,4,0,0,14,8,0
2024,4,22,16,45,0,0,0,0,13,8,0
2024,4,22,17,0,0,3,0,0,13,12,0
2024,4,22,17,15,0,5,0,0,16,12,0
2024,4,22,17,30,0,6,0,0,16,14,0
2024,4,22,17,45,0,6,0,0,16,11,0
2024,4,22,18,0,0,1,0,0,16,16,0
2024,4,22,18,15,0,5,0,0,19,12,0
2024,4,22,18,30,0,6,0,0,19,10,0
2024,4,22,18,45,0,15,0,0,30,4,0
2024,4,22,19,0,0,20,0,0,30,3,0
2024,4,22,19,15,0,10,0,0,25,5,0
2024,4,22,19,30,0,0,0,0,30,17,0
2024,4,22,19,45,0,0,0,0,20,10,0
2024,4,22,20,0,0,28,0,0,50,2,0
2024,4,22,20,15,0,15,0,0,40,2,0
2024,4,22,20,30,0,11,0,0,35,3,0
2024,4,22,20,45,0,4,0,0,35,12,0
2024,4,22,21,0,0,8,0,0,35,18,0
2024,4,22,21,15,0,12,0,0,40,20,0
2024,4,22,21,30,0,14,0,0,38,4,0
2024,4,22,21,45,0,20,0,0,35,4,0
2024,4,22,22,0,0,16,0,0,30,6,0
2024,4,22,22,15,0,10,0,0,30,5,0
2024,4,22,22,30,0,14,0,0,30,4,0
2024,4,22,22,45,0,8,0,0,20,4,0
2024,4,22,23,0,0,0,0,0,15,3,0
2024,4,22,23,15,0,0,0,0,10,3,0
2024,4,22,23,30,0,0,0,0,6,3,0
2024,4,22,23,45,0,0,0,0,5,2,0
2024,4,22,0,0,0,0,0,0,2,0,0
2024,4,23,6,0,0,2,0,1,4,2,0
2024,4,23,6,15,0,0,0,1,3,2,0
2024,4,23,6,30,0,0,0,1,6,3,0
2024,4,23,6,45,0,3,0,1,8,3,0
2024,4,23,7,0,0,0,0,1,12,3,0
2024,4,23,7,15,0,0,0,1,8,4,0
2024,4,23,7,30,0,0,0,1,8,4,0
2024,4,23,7,45,0,2,0,1,10,8,0
2024,4,23,8,0,0,0,0,1,10,8,0
2024,4,23,8,15,0,10,0,1,22,3,0
2024,4,23,8,30,0,0,0,1,16,10,0
2024,4,23,8,45,0,0,0,1,12,8,0
2024,4,23,9,0,0,4,0,1,13,8,0
2024,4,23,9,15,0,10,0,1,14,9,0
2024,4,23,9,30,0,0,0,1,13,15,0
2024,4,23,9,45,0,1,0,1,13,12,0
2024,4,23,10,0,0,3,0,1,11,12,0
2024,4,23,10,15,0,8,0,1,11,12,0
2024,4,23,10,30,0,0,0,1,16,7,0
2024,4,23,10,45,0,2,0,1,12,5,0
2024,4,23,11,0,0,7,0,1,12,5,0
2024,4,23,11,15,0,2,0,1,12,8,0
2024,4,23,11,30,0,0,0,1,11,11,0
2024,4,23,11,45,0,0,0,1,12,11,0
2024,4,23,12,0,0,1,0,1,20,10,0
2024,4,22,12,15,0,3,0,1,20,12,0
2024,4,23,12,30,0,0,0,1,25,12,0
2024,4,23,12,45,0,0,0,1,25,15,0
2024,4,23,13,0,0,7,0,1,25,15,0
2024,4,23,13,15,0,5,0,1,17,15,0
2024,4,23,13,30,0,10,0,1,16,15,0
2024,4,23,13,45,0,12,0,1,17,15,0
2024,4,23,14,0,0,7,0,1,12,13,0
2024,4,23,14,15,0,0,0,1,13,12,0
2024,4,23,14,30,0,0,0,1,13,15,0
2024,4,23,14,45,0,0,0,1,11,12,0
2024,4,23,15,0,0,0,0,1,11,12,0
2024,4,23,15,15,0,2,0,1,12,10,0
2024,4,23,15,30,0,0,0,1,12,9,0
2024,4,23,15,45,0,3,0,1,13,10,0
2024,4,23,16,0,0,1,0,1,11,10,0
2024,4,23,16,15,0,0,0,1,11,9,0
2024,4,23,16,30,0,0,0,1,12,8,0
2024,4,23,16,45,0,5,0,1,12,8,0
2024,4,23,17,0,0,7,0,1,11,6,0
2024,4,23,17,15,0,2,0,1,11,4,0
2024,4,23,17,30,0,4,0,1,10,6,0
2024,4,23,17,45,0,0,0,1,16,14,0
2024,4,23,18,0,0,0,0,1,22,10,0
2024,4,23,18,15,0,0,0,1,22,15,0
2024,4,23,18,30,0,0,0,1,22,13,0
2024,4,22,18,45,0,0,0,1,22,10,0
2024,4,23,19,0,0,2,0,1,17,8,0
2024,4,23,19,15,0,4,0,1,22,14,0
2024,4,23,19,30,0,6,0,1,30,16,0
2024,4,23,19,45,0,11,0,1,35,18,0
2024,4,23,20,0,0,15,0,1,27,5,0
2024,4,23,20,15,0,8,0,1,26,5,0
2024,4,23,20,30,0,2,0,1,19,5,0
2024,4,23,20,45,0,0,0,1,19,13,0
2024,4,23,21,0,0,3,0,1,28,15,0
2024,4,23,21,15,0,15,0,1,35,20,0
2024,4,23,21,30,0,10,0,1,29,15,0
2024,4,23,21,45,0,8,0,1,30,10,0
2024,4,23,22,0,0,0,0,1,26,9,0
2024,4,23,22,15,0,12,0,1,28,6,0
2024,4,23,22,30,0,14,0,1,27,6,0
2024,4,23,22,45,0,2,0,1,20,6,0
2024,4,23,23,0,0,4,0,1,12,4,0
2024,4,23,23,15,0,4,0,1,11,4,0
2024,4,23,23,30,0,0,0,1,6,3,0
2024,4,23,23,45,0,0,0,1,2,2,0
2024,4,23,0,0,0,0,0,1,2,0,0
2024,4,24,6,0,0,0,0,2,1,2,0
2024,4,24,6,15,0,0,0,2,2,3,0
2024,4,24,6,30,0,0,0,2,2,3,0
2024,4,24,6,45,0,0,0,2,3,3,0
2024,4,24,7,0,0,0,0,2,5,4,0
2024,4,24,7,15,0,3,0,2,12,5,0
2024,4,24,7,30,0,5,0,2,16,10,0
2024,4,24,7,45,0,7,0,2,20,15,0
2024,4,24,8,0,0,6,0,2,20,17,0
2024,4,24,8,15,0,15,0,2,25,14,0
2024,4,24,8,30,0,0,0,2,14,10,0
2024,4,24,8,45,0,6,0,2,15,10,0
2024,4,24,9,0,0,9,0,2,14,10,0
2024,4,24,9,15,0,0,0,2,20,12,0
2024,4,24,9,30,0,0,0,2,13,15,0
2024,4,24,9,45,0,3,0,2,13,12,0
2024,4,24,10,0,0,1,0,2,11,12,0
2024,4,24,10,15,0,0,0,2,12,15,0
2024,4,24,10,30,0,9,0,2,11,13,0
2024,4,24,10,45,0,0,0,2,10,13,0
2024,4,24,11,0,0,4,0,2,11,12,0
2024,4,24,11,15,0,9,0,2,10,11,0
2024,4,24,11,30,0,3,0,2,13,10,0
2024,4,24,11,45,0,0,0,2,11,9,0
2024,4,24,12,0,0,8,0,2,17,9,0
2024,4,24,12,15,0,10,0,2,16,9,0
2024,4,24,12,30,0,14,0,2,16,10,0
2024,4,24,12,45,0,2,0,2,15,10,0
2024,4,24,13,0,0,0,0,2,16,10,0
2024,4,24,13,15,0,0,0,2,17,12,0
2024,4,24,13,30,0,2,0,2,16,12,0
2024,4,24,13,45,0,0,0,2,14,12,0
2024,4,24,14,0,0,0,0,2,18,12,0
2024,4,24,14,15,0,0,0,2,11,14,0
2024,4,24,14,30,0,5,0,2,12,8,0
2024,4,24,14,45,0,7,0,2,11,7,0
2024,4,24,15,0,0,3,0,2,10,12,0
2024,4,24,15,15,0,0,0,2,11,13,0
2024,4,24,15,30,0,0,0,2,10,13,0
2024,4,24,15,45,0,0,0,2,11,14,0
2024,4,24,16,0,0,12,0,2,13,13,0
2024,4,24,16,15,0,4,0,2,11,11,0
2024,4,24,16,30,0,0,0,2,11,7,0
2024,4,24,16,45,0,3,0,2,11,7,0
2024,4,24,17,0,0,2,0,2,11,8,0
2024,4,24,17,15,0,0,0,2,9,15,0
2024,4,24,17,30,0,0,0,2,10,8,0
2024,4,24,17,45,0,0,0,2,9,7,0
2024,4,24,18,0,0,3,0,2,14,7,0
2024,4,24,18,15,0,0,0,2,14,6,0
2024,4,24,18,30,0,0,0,2,15,6,0
2024,4,24,18,45,0,0,0,2,16,9,0
2024,4,24,19,0,0,0,0,2,18,14,0
2024,4,24,19,15,0,0,0,2,19,18,0
2024,4,24,19,30,0,6,0,2,20,11,0
2024,4,24,19,45,0,3,0,2,22,10,0
2024,4,24,20,0,0,9,0,2,24,10,0
2024,4,24,20,15,0,20,0,2,27,9,0
2024,4,24,20,30,0,25,0,2,25,9,0
2024,4,24,20,45,0,0,0,2,29,18,0
2024,4,24,21,0,0,6,0,2,30,15,0
2024,4,24,21,15,0,11,0,2,35,12,0
2024,4,24,21,30,0,15,0,2,35,12,0
2024,4,24,21,45,0,8,0,2,30,10,0
2024,4,24,22,0,0,12,0,2,30,7,0
2024,4,24,22,15,0,4,0,2,29,5,0
2024,4,24,22,30,0,9,0,2,22,5,0
2024,4,24,22,45,0,2,0,2,16,4,0
2024,4,24,23,0,0,0,0,2,11,2,0
2024,4,24,23,15,0,0,0,2,7,2,0
2024,4,24,23,30,0,2,0,2,3,2,0
2024,4,24,23,45,0,0,0,2,2,2,0
2024,4,24,0,0,0,0,0,2,2,0,0
2024,4,25,6,0,0,3,0,3,4,2,0
2024,4,25,6,15,0,1,0,3,3,2,0
2024,4,25,6,30,0,0,0,3,3,2,0
2024,4,25,6,45,0,2,0,3,7,4,0
2024,4,25,7,0,0,0,0,3,12,4,0
2024,4,25,7,15,0,0,0,3,12,5,0
2024,4,25,7,30,0,0,0,3,16,12,0
2024,4,25,7,45,0,0,0,3,14,11,0
2024,4,25,8,0,0,2,0,3,30,20,0
2024,4,25,8,15,0,4,0,3,22,18,0
2024,4,25,8,30,0,3,0,3,15,10,0
2024,4,25,8,45,0,0,0,3,14,5,0
2024,4,25,9,0,0,5,0,3,12,2,0
2024,4,25,9,15,0,7,0,3,11,2,0
2024,4,25,9,30,0,9,0,3,16,2,0
2024,4,25,9,45,0,6,0,3,13,7,0
2024,4,25,10,0,0,10,0,3,18,10,0
2024,4,25,10,15,0,6,0,3,15,2,0
2024,4,25,10,30,0,11,0,3,18,2,0
2024,4,25,10,45,0,12,0,3,18,4,0
2024,4,25,11,0,0,11,0,3,14,3,0
2024,4,25,11,15,0,8,0,3,15,2,0
2024,4,25,11,30,0,20,0,3,15,2,0
2024,4,25,11,45,0,12,0,3,15,2,0
2024,4,25,12,0,0,15,0,3,14,3,0
2024,4,25,12,15,0,8,0,3,12,4,0
2024,4,25,12,30,0,4,0,3,10,6,0
2024,4,25,12,45,0,6,0,3,11,10,0
2024,4,25,13,0,0,6,0,3,12,9,0
2024,4,25,13,15,0,9,0,3,10,9,0
2024,4,25,13,30,0,4,0,3,11,9,0
2024,4,25,13,45,0,7,0,3,11,9,0
2024,4,25,14,0,0,5,0,3,10,7,0
2024,4,25,14,15,0,5,0,3,10,7,0
2024,4,25,14,30,0,7,0,3,11,9,0
2024,4,25,14,45,0,7,0,3,9,9,0
2024,4,25,15,0,0,5,0,3,8,9,0
2024,4,25,15,15,0,3,0,3,9,9,0
2024,4,25,15,30,0,6,0,3,9,9,0
2024,4,25,15,45,0,8,0,3,10,9,0
2024,4,25,16,0,0,5,0,3,9,11,0
2024,4,25,16,15,0,4,0,3,8,14,0
2024,4,25,16,30,0,7,0,3,7,20,0
2024,4,25,16,45,0,8,0,3,10,14,0
2024,4,25,17,0,0,2,0,3,10,14,0
2024,4,25,17,15,0,0,0,3,8,10,0
2024,4,25,17,30,0,0,0,3,8,16,0
2024,4,25,17,45,0,0,0,3,9,11,0
2024,4,25,18,0,0,18,0,3,28,14,0
2024,4,25,18,15,0,20,0,3,26,14,0
2024,4,25,18,30,0,15,0,3,20,14,0
2024,4,25,18,45,0,14,0,3,20,15,0
2024,4,25,19,0,0,0,0,3,13,20,0
2024,4,25,19,15,0,0,0,3,13,17,0
2024,4,25,19,30,0,15,0,3,18,15,0
2024,4,25,19,45,0,8,0,3,22,15,0
2024,4,25,20,0,0,11,0,3,21,11,0
2024,4,25,20,15,0,23,0,3,30,9,0
2024,4,25,20,30,0,15,0,3,28,9,0
2024,4,25,20,45,0,0,0,3,25,11,0
2024,4,25,21,0,0,0,0,3,30,4,0
2024,4,25,21,15,0,0,0,3,32,6,0
2024,4,25,21,30,0,2,0,3,29,15,0
2024,4,25,21,45,0,5,0,3,33,12,0
2024,4,25,22,0,0,15,0,3,29,11,0
2024,4,25,22,15,0,12,0,3,25,8,0
2024,4,25,22,30,0,6,0,3,23,6,0
2024,4,25,22,45,0,11,0,3,28,4,0
2024,4,25,23,0,0,4,0,3,20,3,0
2024,4,25,23,15,0,0,0,3,7,3,0
2024,4,25,23,30,0,0,0,3,4,2,0
2024,4,25,23,45,0,0,0,3,2,2,0
2024,4,25,0,0,0,0,0,3,0,0,0
2024,4,26,6,0,0,2,0,4,3,2,0
2024,4,26,6,15,0,1,0,4,3,4,0
2024,4,26,6,30,0,0,0,4,3,4,0
2024,4,26,6,45,0,0,0,4,4,6,0
2024,4,26,7,0,0,0,0,4,6,9,0
2024,4,26,7,15,0,0,0,4,8,10,0
2024,4,26,7,30,0,0,0,4,12,19,0
2024,4,26,7,45,0,0,0,4,11,15,0
2024,4,26,8,0,0,3,0,4,12,9,0
2024,4,26,8,15,0,0,0,4,12,10,0
2024,4,26,8,30,0,0,0,4,14,11,0
2024,4,26,8,45,0,3,0,4,14,8,0
2024,4,26,9,0,0,9,0,4,15,8,0
2024,4,26,9,15,0,12,0,4,16,8,0
2024,4,26,9,30,0,18,0,4,20,9,0
2024,4,26,9,45,0,8,0,4,12,9,0
2024,4,26,10,0,0,6,0,4,10,8,0
2024,4,26,10,15,0,0,0,4,8,8,0
2024,4,26,10,30,0,0,0,4,8,10,0
2024,4,26,10,45,0,0,0,4,11,15,0
2024,4,26,11,0,0,4,0,4,12,16,0
2024,4,26,11,15,0,6,0,4,11,18,0
2024,4,26,11,30,0,2,0,4,8,20,0
2024,4,26,11,45,0,0,0,4,7,20,0
2024,4,26,12,0,0,0,0,4,12,17,0
2024,4,26,12,15,0,4,0,4,14,12,0
2024,4,26,12,30,0,8,0,4,15,10,0
2024,4,26,12,45,0,3,0,4,15,12,0
2024,4,26,13,0,0,0,0,4,16,15,0
2024,4,26,13,15,0,0,0,4,10,15,0
2024,4,26,13,30,0,4,0,4,9,10,0
2024,4,26,13,45,0,6,0,4,10,9,0
2024,4,26,14,0,0,0,0,4,8,14,0
2024,4,26,14,15,0,0,0,4,9,14,0
2024,4,26,14,30,0,4,0,4,11,8,0
2024,4,26,14,45,0,6,0,4,10,8,0
2024,4,26,15,0,0,2,0,4,8,11,0
2024,4,26,15,15,0,0,0,4,9,11,0
2024,4,26,15,30,0,0,0,4,9,12,0
2024,4,26,15,45,0,0,0,4,8,12,0
2024,4,26,16,0,0,0,0,4,8,15,0
2024,4,26,16,15,0,0,0,4,9,18,0
2024,4,26,16,30,0,5,0,4,11,14,0
2024,4,26,16,45,0,7,0,4,10,5,0
2024,4,26,17,0,0,3,0,4,11,5,0
2024,4,26,17,15,0,0,0,4,10,11,0
2024,4,26,17,30,0,3,0,4,11,2,0
2024,4,26,17,45,0,6,0,4,10,2,0
2024,4,26,18,0,0,4,0,4,9,14,0
2024,4,26,18,15,0,9,0,4,12,10,0
2024,4,26,18,30,0,18,0,4,20,10,0
2024,4,26,18,45,0,5,0,4,16,15,0
2024,4,26,19,0,0,3,0,4,16,10,0
2024,4,26,19,15,0,0,0,4,14,19,0
2024,4,26,19,30,0,7,0,4,13,4,0
2024,4,26,19,45,0,20,0,4,28,4,0
2024,4,26,20,0,0,29,0,4,32,4,0
2024,4,26,20,15,0,0,0,4,22,10,0
2024,4,26,20,30,0,0,0,4,23,19,0
2024,4,26,20,45,0,0,0,4,25,20,0
2024,4,26,21,0,0,2,0,4,33,14,0
2024,4,26,21,15,0,6,0,4,28,9,0
2024,4,26,21,30,0,9,0,4,26,9,0
2024,4,26,21,45,0,13,0,4,29,5,0
2024,4,26,22,0,0,11,0,4,25,5,0
2024,4,26,22,15,0,15,0,4,29,5,0
2024,4,26,22,30,0,7,0,4,11,4,0
2024,4,26,22,45,0,2,0,4,10,4,0
2024,4,26,23,0,0,0,0,4,10,2,0
2024,4,26,23,15,0,0,0,4,5,2,0
2024,4,26,23,30,0,0,0,4,3,2,0
2024,4,26,23,45,0,0,0,4,2,1,0
2024,4,26,0,0,0,0,0,4,0,0,0
2024,4,27,6,0,0,0,0,5,1,0,0
2024,4,27,6,15,0,0,0,5,1,1,0
2024,4,27,6,30,0,3,0,5,4,2,0
2024,4,27,6,45,0,0,0,5,2,4,0
2024,4,27,7,0,0,10,0,5,11,7,0
2024,4,27,7,15,0,6,0,5,9,8,0
2024,4,27,7,30,0,10,0,5,12,10,0
2024,4,27,7,45,0,0,0,5,6,15,0
2024,4,27,8,0,0,0,0,5,4,16,0
2024,4,27,8,15,0,0,0,5,4,16,0
2024,4,27,8,30,0,0,0,5,6,16,0
2024,4,27,8,45,0,0,0,5,6,16,0
2024,4,27,9,0,0,0,0,5,4,16,0
2024,4,27,9,15,0,0,0,5,4,16,0
2024,4,27,9,30,0,0,0,5,6,16,0
2024,4,27,9,45,0,0,0,5,8,12,0
2024,4,27,10,0,0,4,0,5,7,5,0
2024,4,27,10,15,0,6,0,5,7,5,0
2024,4,27,10,30,0,10,0,5,12,5,0
2024,4,27,10,45,0,15,0,5,18,6,0
2024,4,27,11,0,0,21,0,5,25,6,0
2024,4,27,11,15,0,10,0,5,14,6,0
2024,4,27,11,30,0,15,0,5,18,6,0
2024,4,27,11,45,0,6,0,5,11,8,0
2024,4,27,12,0,0,0,0,5,9,10,0
2024,4,27,12,15,0,0,0,5,7,10,0
2024,4,27,12,30,0,0,0,5,7,10,0
2024,4,27,12,45,0,0,0,5,5,6,0
2024,4,27,13,0,0,2,0,5,5,6,0
2024,4,27,13,15,0,6,0,5,8,5,0
2024,4,27,13,30,0,10,0,5,13,5,0
2024,4,27,13,45,0,10,0,5,13,6,0
2024,4,27,14,0,0,15,0,5,16,6,0
2024,4,27,14,15,0,18,0,5,20,7,0
2024,4,27,14,30,0,18,0,5,20,7,0
2024,4,27,14,45,0,15,0,5,17,5,0
2024,4,27,15,0,0,12,0,5,14,5,0
2024,4,27,15,15,0,12,0,5,14,5,0
2024,4,27,15,30,0,10,0,5,12,5,0
2024,4,27,15,45,0,18,0,5,19,7,0
2024,4,27,16,0,0,12,0,5,17,7,0
2024,4,27,16,15,0,0,0,5,8,6,0
2024,4,27,16,30,0,0,0,5,8,6,0
2024,4,27,16,45,0,0,0,5,6,4,0
2024,4,27,17,0,0,0,0,5,6,4,0
2024,4,27,17,15,0,7,0,5,9,4,0
2024,4,27,17,30,0,5,0,5,8,8,0
2024,4,27,17,45,0,5,0,5,6,8,0
2024,4,27,18,0,0,8,0,5,9,3,0
2024,4,27,18,15,0,8,0,5,11,10,0
2024,4,27,18,30,0,12,0,5,14,10,0
2024,4,27,18,45,0,12,0,5,13,8,0
2024,4,27,19,0,0,11,0,5,13,8,0
2024,4,27,19,15,0,9,0,5,10,8,0
2024,4,27,19,30,0,10,0,5,13,8,0
2024,4,27,19,45,0,6,0,5,13,8,0
2024,4,27,20,0,0,6,0,5,14,8,0
2024,4,27,20,15,0,7,0,5,11,6,0
2024,4,27,20,30,0,8,0,5,13,6,0
2024,4,27,20,45,0,4,0,5,9,4,0
2024,4,27,21,0,0,0,0,5,7,4,0
2024,4,27,21,15,0,0,0,5,7,4,0
2024,4,27,21,30,0,0,0,5,6,5,0
2024,4,27,21,45,0,0,0,5,6,5,0
2024,4,27,22,0,0,0,0,5,6,5,0
2024,4,27,22,15,0,0,0,5,5,4,0
2024,4,27,22,30,0,0,0,5,5,3,0
2024,4,27,22,45,0,0,0,5,7,1,0
2024,4,27,23,0,0,0,0,5,3,1,0
2024,4,27,23,15,0,0,0,5,1,0,0
2024,4,27,23,30,0,0,0,5,1,0,0
2024,4,27,23,45,0,0,0,5,1,0,0
2024,4,27,0,0,0,0,0,5,0,0,0
2024,4,28,6,0,0,0,0,6,0,0,0
2024,4,28,6,15,0,0,0,6,0,0,0
2024,4,28,6,30,0,0,0,6,0,1,0
2024,4,28,6,45,0,0,0,6,1,1,0
2024,4,28,7,0,0,0,0,6,2,3,0
2024,4,28,7,15,0,0,0,6,5,5,0
2024,4,28,7,30,0,0,0,6,7,6,0
2024,4,28,7,45,0,0,0,6,6,6,0
2024,4,28,8,0,0,0,0,6,6,8,0
2024,4,28,8,15,0,0,0,6,4,8,0
2024,4,28,8,30,0,0,0,6,7,8,0
2024,4,28,8,45,0,0,0,6,7,9,0
2024,4,28,9,0,0,0,0,6,4,10,0
2024,4,28,9,15,0,0,0,6,4,10,0
2024,4,28,9,30,0,0,0,6,5,10,0
2024,4,28,9,45,0,0,0,6,8,12,0
2024,4,28,10,0,0,6,0,6,9,11,0
2024,4,28,10,15,0,6,0,6,9,11,0
2024,4,28,10,30,0,11,0,6,14,8,0
2024,4,28,10,45,0,10,0,6,14,7,0
2024,4,28,11,0,0,8,0,6,16,7,0
2024,4,28,11,15,0,6,0,6,13,4,0
2024,4,28,11,30,0,6,0,6,13,4,0
2024,4,28,11,45,0,7,0,6,14,4,0
2024,4,28,12,0,0,0,0,6,11,6,0
2024,4,28,12,15,0,0,0,6,7,6,0
2024,4,28,12,30,0,0,0,6,7,6,0
2024,4,28,12,45,0,0,0,6,5,7,0
2024,4,28,13,0,0,0,0,6,6,8,0
2024,4,28,13,15,0,3,0,6,6,8,0
2024,4,28,13,30,0,4,0,6,10,8,0
2024,4,28,13,45,0,5,0,6,10,5,0
2024,4,28,14,0,0,3,0,6,11,5,0
2024,4,28,14,15,0,6,0,6,16,5,0
2024,4,28,14,30,0,12,0,6,14,6,0
2024,4,28,14,45,0,13,0,6,14,6,0
2024,4,28,15,0,0,11,0,6,12,6,0
2024,4,28,15,15,0,10,0,6,11,6,0
2024,4,28,15,30,0,11,0,6,11,6,0
2024,4,28,15,45,0,12,0,6,15,4,0
2024,4,28,16,0,0,6,0,6,17,4,0
2024,4,28,16,15,0,0,0,6,7,4,0
2024,4,28,16,30,0,0,0,6,7,4,0
2024,4,28,16,45,0,0,0,6,5,4,0
2024,4,28,17,0,0,0,0,6,5,4,0
2024,4,28,17,15,0,4,0,6,5,4,0
2024,4,28,17,30,0,3,0,6,7,9,0
2024,4,28,17,45,0,5,0,6,7,9,0
2024,4,28,18,0,0,6,0,6,9,9,0
2024,4,28,18,15,0,9,0,6,10,9,0
2024,4,28,18,30,0,11,0,6,13,10,0
2024,4,28,18,45,0,10,0,6,12,11,0
2024,4,28,19,0,0,10,0,6,11,11,0
2024,4,28,19,15,0,12,0,6,14,10,0
2024,4,28,19,30,0,9,0,6,11,9,0
2024,4,28,19,45,0,7,0,6,11,8,0
2024,4,28,20,0,0,7,0,6,9,5,0
2024,4,28,20,15,0,5,0,6,8,5,0
2024,4,28,20,30,0,5,0,6,8,4,0
2024,4,28,20,45,0,3,0,6,8,4,0
2024,4,28,21,0,0,0,0,6,5,3,0
2024,4,28,21,15,0,0,0,6,5,2,0
2024,4,28,21,30,0,0,0,6,5,2,0
2024,4,28,21,45,0,0,0,6,6,2,0
2024,4,28,22,0,0,0,0,6,6,2,0
2024,4,28,22,15,0,0,0,6,5,2,0
2024,4,28,22,30,0,0,0,6,2,2,0
2024,4,28,22,45,0,0,0,6,2,1,0
2024,4,28,23,0,0,0,0,6,0,0,0
2024,4,28,23,15,0,0,0,6,0,0,0
2024,4,28,23,30,0,0,0,6,0,0,0
2024,4,28,23,45,0,0,0,6,0,0,0
2024,4,28,0,0,0,0,0,6,0,0,0
2024,4,29,6,0,0,3,0,0,5,2,0
2024,4,29,6,15,0,1,0,0,2,2,0
2024,4,29,6,30,0,0,0,0,2,3,0
2024,4,29,6,45,0,0,0,0,5,5,0
2024,4,29,7,0,0,5,0,0,3,11,0
2024,4,29,7,15,0,11,0,0,13,11,0
2024,4,29,7,30,0,5,0,0,18,12,0
2024,4,29,7,45,0,0,0,0,7,13,0
2024,4,29,8,0,0,0,0,0,3,14,0
2024,4,29,8,15,0,0,0,0,3,9,0
2024,4,29,8,30,0,4,0,0,7,6,0
2024,4,29,8,45,0,6,0,0,15,13,0
2024,4,29,9,0,0,0,0,0,15,13,0
2024,4,29,9,15,0,0,0,0,12,15,0
2024,4,29,9,30,0,1,0,0,11,15,0
2024,4,29,9,45,0,4,0,0,11,15,0
2024,4,29,10,0,0,6,0,0,11,10,0
2024,4,29,10,15,0,3,0,0,11,12,0
2024,4,29,10,30,0,0,0,0,15,13,0
2024,4,29,10,45,0,0,0,0,15,8,0
2024,4,29,11,0,0,4,0,0,15,6,0
2024,4,29,11,15,0,1,0,0,15,13,0
2024,4,29,11,30,0,0,0,0,17,15,0
2024,4,29,11,45,0,2,0,0,17,15,0
2024,4,29,12,0,0,0,0,0,17,7,0
2024,4,29,12,15,0,4,0,0,12,4,0
2024,4,29,12,30,0,7,0,0,13,5,0
2024,4,29,12,45,0,5,0,0,12,8,0
2024,4,29,13,0,0,14,0,0,20,7,0
2024,4,29,13,15,0,11,0,0,20,7,0
2024,4,29,13,30,0,11,0,0,20,9,0
2024,4,29,13,45,0,14,0,0,20,11,0
2024,4,29,14,0,0,8,0,0,18,11,0
2024,4,29,14,15,0,8,0,0,16,9,0
2024,4,29,14,30,0,4,0,0,15,10,0
2024,4,29,14,45,0,0,0,0,11,11,0
2024,4,29,15,0,0,0,0,0,11,11,0
2024,4,29,15,15,0,4,0,0,11,8,0
2024,4,29,15,30,0,0,0,0,11,10,0
2024,4,29,15,45,0,0,0,0,11,11,0
2024,4,29,16,0,0,2,0,0,10,9,0
2024,4,29,16,15,0,4,0,0,12,9,0
2024,4,29,16,30,0,9,0,0,11,8,0
2024,4,29,16,45,0,2,0,0,11,8,0
2024,4,29,17,0,0,0,0,0,10,8,0
2024,4,29,17,15,0,5,0,0,12,14,0
2024,4,29,17,30,0,7,0,0,12,14,0
2024,4,29,17,45,0,7,0,0,12,14,0
2024,4,29,18,0,0,3,0,0,12,12,0
2024,4,29,18,15,0,8,0,0,15,13,0
2024,4,29,18,30,0,9,0,0,15,10,0
2024,4,29,18,45,0,17,0,0,26,5,0
2024,4,29,19,0,0,12,0,0,27,6,0
2024,4,29,19,15,0,7,0,0,26,9,0
2024,4,29,19,30,0,2,0,0,32,16,0
2024,4,29,19,45,0,0,0,0,23,13,0
2024,4,29,20,0,0,30,0,0,48,4,0
2024,4,29,20,15,0,18,0,0,42,3,0
2024,4,29,20,30,0,13,0,0,36,3,0
2024,4,29,20,45,0,5,0,0,32,14,0
2024,4,29,21,0,0,1,0,0,33,20,0
2024,4,29,21,15,0,13,0,0,38,20,0
2024,4,29,21,30,0,6,0,0,31,12,0
2024,4,29,21,45,0,7,0,0,33,12,0
2024,4,29,22,0,0,11,0,0,32,9,0
2024,4,29,22,15,0,13,0,0,35,5,0
2024,4,29,22,30,0,11,0,0,26,5,0
2024,4,29,22,45,0,7,0,0,16,4,0
2024,4,29,23,0,0,2,0,0,11,4,0
2024,4,29,23,15,0,0,0,0,8,2,0
2024,4,29,23,30,0,0,0,0,3,1,0
2024,4,29,23,45,0,0,0,0,3,1,0
2024,4,29,0,0,0,0,0,0,0,0,0
2024,4,30,6,0,0,1,0,1,3,2,0
2024,4,30,6,15,0,3,0,1,4,2,0
2024,4,30,6,30,0,0,0,1,4,3,0
2024,4,30,6,45,0,2,0,1,7,4,0
2024,4,30,7,0,0,0,0,1,10,4,0
2024,4,30,7,15,0,0,0,1,9,5,0
2024,4,30,7,30,0,0,0,1,9,7,0
2024,4,30,7,45,0,4,0,1,11,7,0
2024,4,30,8,0,0,0,0,1,11,7,0
2024,4,30,8,15,0,13,0,1,20,4,0
2024,4,30,8,30,0,3,0,1,17,13,0
2024,4,30,8,45,0,0,0,1,15,13,0
2024,4,30,9,0,0,5,0,1,15,6,0
2024,4,30,9,15,0,7,0,1,19,6,0
2024,4,30,9,30,0,2,0,1,22,13,0
2024,4,30,9,45,0,0,0,1,21,16,0
2024,4,30,10,0,0,0,0,1,16,16,0
2024,4,30,10,15,0,11,0,1,16,11,0
2024,4,30,10,30,0,0,0,1,15,9,0
2024,4,30,10,45,0,0,0,1,11,9,0
2024,4,30,11,0,0,2,0,1,11,4,0
2024,4,30,11,15,0,0,0,1,10,4,0
2024,4,30,11,30,0,0,0,1,11,9,0
2024,4,30,11,45,0,0,0,1,14,10,0
2024,4,30,12,0,0,1,0,1,20,10,0
2024,4,30,12,15,0,0,0,1,22,12,0
2024,4,30,12,30,0,0,0,1,30,11,0
2024,4,30,12,45,0,0,0,1,27,17,0
2024,4,30,13,0,0,0,0,1,27,17,0
2024,4,30,13,15,0,0,0,1,26,14,0
2024,4,30,13,30,0,2,0,1,27,14,0
2024,4,30,13,45,0,3,0,1,22,11,0
2024,4,30,14,0,0,4,0,1,16,14,0
2024,4,30,14,15,0,2,0,1,15,14,0
2024,4,30,14,30,0,0,0,1,15,14,0
2024,4,30,14,45,0,0,0,1,15,11,0
2024,4,30,15,0,0,1,0,1,15,11,0
2024,4,30,15,15,0,4,0,1,17,9,0
2024,4,30,15,30,0,0,0,1,12,9,0
2024,4,30,15,45,0,4,0,1,12,11,0
2024,4,30,16,0,0,3,0,1,12,11,0
2024,4,30,16,15,0,0,0,1,12,11,0
2024,4,30,16,30,0,0,0,1,12,7,0
2024,4,30,16,45,0,3,0,1,10,8,0
2024,4,30,17,0,0,9,0,1,11,8,0
2024,4,30,17,15,0,3,0,1,14,4,0
2024,4,30,17,30,0,6,0,1,14,7,0
2024,4,30,17,45,0,2,0,1,13,15,0
2024,4,30,18,0,0,0,0,1,23,13,0
2024,4,30,18,15,0,0,0,1,23,17,0
2024,4,30,18,30,0,0,0,1,24,14,0
2024,4,30,18,45,0,1,0,1,24,11,0
2024,4,30,19,0,0,4,0,1,22,6,0
2024,4,30,19,15,0,6,0,1,21,6,0
2024,4,30,19,30,0,6,0,1,29,13,0
2024,4,30,19,45,0,14,0,1,32,17,0
2024,4,30,20,0,0,19,0,1,33,9,0
2024,4,30,20,15,0,13,0,1,28,3,0
2024,4,30,20,30,0,3,0,1,22,3,0
2024,4,30,20,45,0,4,0,1,25,2,0
2024,4,30,21,0,0,2,0,1,29,2,0
2024,4,30,21,15,0,13,0,1,36,16,0
2024,4,30,21,30,0,8,0,1,33,14,0
2024,4,30,21,45,0,9,0,1,39,11,0
2024,4,30,22,0,0,0,0,1,28,11,0
2024,4,30,22,15,0,14,0,1,30,7,0
2024,4,30,22,30,0,16,0,1,31,5,0
2024,4,30,22,45,0,4,0,1,21,5,0
2024,4,30,23,0,0,2,0,1,10,3,0
2024,4,30,23,15,0,2,0,1,7,3,0
2024,4,30,23,30,0,0,0,1,4,3,0
2024,4,30,23,45,0,0,0,1,2,2,0
2024,4,30,0,0,0,0,0,1,0,2,0
2024,5,1,6,0,0,1,1,2,1,1,0
2024,5,1,6,15,0,1,1,2,1,2,0
2024,5,1,6,30,0,0,1,2,3,2,0
2024,5,1,6,45,0,0,1,2,4,3,0
2024,5,1,7,0,0,2,1,2,4,5,0
2024,5,1,7,15,0,4,1,2,13,5,0
2024,5,1,7,30,0,6,1,2,14,8,0
2024,5,1,7,45,0,6,1,2,12,12,0
2024,5,1,8,0,0,8,1,2,19,16,0
2024,5,1,8,15,0,17,1,2,26,13,0
2024,5,1,8,30,0,0,1,2,16,11,0
2024,5,1,8,45,0,4,1,2,19,10,0
2024,5,1,9,0,0,5,1,2,21,11,0
2024,5,1,9,15,0,0,1,2,15,11,0
2024,5,1,9,30,0,0,1,2,14,14,0
2024,5,1,9,45,0,4,1,2,15,13,0
2024,5,1,10,0,0,3,1,2,10,13,0
2024,5,1,10,15,0,0,1,2,11,16,0
2024,5,1,10,30,0,11,1,2,12,11,0
2024,5,1,10,45,0,3,1,2,13,12,0
2024,5,1,11,0,0,5,1,2,11,12,0
2024,5,1,11,15,0,9,1,2,12,9,0
2024,5,1,11,30,0,4,1,2,14,9,0
2024,5,1,11,45,0,0,1,2,15,9,0
2024,5,1,12,0,0,5,1,2,15,10,0
2024,5,1,12,15,0,11,1,2,16,10,0
2024,5,1,12,30,0,15,1,2,17,11,0
2024,5,1,12,45,0,3,1,2,15,11,0
2024,5,1,13,0,0,1,1,2,12,12,0
2024,5,1,13,15,0,0,1,2,16,14,0
2024,5,1,13,30,0,3,1,2,13,13,0
2024,5,1,13,45,0,0,1,2,12,11,0
2024,5,1,14,0,0,0,1,2,18,11,0
2024,5,1,14,15,0,0,1,2,15,10,0
2024,5,1,14,30,0,8,1,2,15,13,0
2024,5,1,14,45,0,11,1,2,17,11,0
2024,5,1,15,0,0,2,1,2,17,6,0
2024,5,1,15,15,0,0,1,2,12,13,0
2024,5,1,15,30,0,1,1,2,14,14,0
2024,5,1,15,45,0,0,1,2,11,14,0
2024,5,1,16,0,0,13,1,2,15,12,0
2024,5,1,16,15,0,6,1,2,12,12,0
2024,5,1,16,30,0,3,1,2,11,8,0
2024,5,1,16,45,0,3,1,2,10,8,0
2024,5,1,17,0,0,0,1,2,10,9,0
2024,5,1,17,15,0,1,1,2,10,13,0
2024,5,1,17,30,0,0,1,2,14,7,0
2024,5,1,17,45,0,0,1,2,12,7,0
2024,5,1,18,0,0,5,1,2,12,8,0
2024,5,1,18,15,0,2,1,2,14,8,0
2024,5,1,18,30,0,2,1,2,14,11,0
2024,5,1,18,45,0,0,1,2,12,11,0
2024,5,1,19,0,0,0,1,2,13,15,0
2024,5,1,19,15,0,1,1,2,20,15,0
2024,5,1,19,30,0,8,1,2,22,15,0
2024,5,1,19,45,0,5,1,2,25,11,0
2024,5,1,20,0,0,11,1,2,25,8,0
2024,5,1,20,15,0,24,1,2,24,8,0
2024,5,1,20,30,0,29,1,2,22,21,0
2024,5,1,20,45,0,8,1,2,31,19,0
2024,5,1,21,0,0,2,1,2,33,13,0
2024,5,1,21,15,0,14,1,2,32,11,0
2024,5,1,21,30,0,18,1,2,33,11,0
2024,5,1,21,45,0,11,1,2,31,9,0
2024,5,1,22,0,0,14,1,2,31,6,0
2024,5,1,22,15,0,8,1,2,30,6,0
2024,5,1,22,30,0,7,1,2,27,6,0
2024,5,1,22,45,0,4,1,2,22,4,0
2024,5,1,23,0,0,1,1,2,9,4,0
2024,5,1,23,15,0,3,1,2,6,3,0
2024,5,1,23,30,0,0,1,2,4,2,0
2024,5,1,23,45,0,0,1,2,1,1,0
2024,5,1,0,0,0,0,1,2,0,1,0
2024,5,2,6,0,0,2,0,3,2,2,0
2024,5,2,6,15,0,2,0,3,2,2,0
2024,5,2,6,30,0,0,0,3,3,2,0
2024,5,2,6,45,0,0,0,3,4,2,0
2024,5,2,7,0,0,0,0,3,13,3,0
2024,5,2,7,15,0,0,0,3,11,5,0
2024,5,2,7,30,0,0,0,3,12,11,0
2024,5,2,7,45,0,1,0,3,12,10,0
2024,5,2,8,0,0,4,0,3,28,18,0
2024,5,2,8,15,0,5,0,3,24,22,0
2024,5,2,8,30,0,3,0,3,17,14,0
2024,5,2,8,45,0,1,0,3,16,8,0
2024,5,2,9,0,0,3,0,3,14,6,0
2024,5,2,9,15,0,5,0,3,9,3,0
2024,5,2,9,30,0,7,0,3,11,2,0
2024,5,2,9,45,0,8,0,3,12,3,0
2024,5,2,10,0,0,10,0,3,12,8,0
2024,5,2,10,15,0,10,0,3,13,3,0
2024,5,2,10,30,0,9,0,3,14,3,0
2024,5,2,10,45,0,13,0,3,16,3,0
2024,5,2,11,0,0,11,0,3,14,5,0
2024,5,2,11,15,0,14,0,3,16,3,0
2024,5,2,11,30,0,13,0,3,15,3,0
2024,5,2,11,45,0,10,0,3,13,3,0
2024,5,2,12,0,0,14,0,3,16,3,0
2024,5,2,12,15,0,8,0,3,13,5,0
2024,5,2,12,30,0,9,0,3,12,5,0
2024,5,2,12,45,0,9,0,3,14,8,0
2024,5,2,13,0,0,11,0,3,15,9,0
2024,5,2,13,15,0,6,0,3,14,10,0
2024,5,2,13,30,0,5,0,3,14,10,0
2024,5,2,13,45,0,9,0,3,14,10,0
2024,5,2,14,0,0,3,0,3,12,6,0
2024,5,2,14,15,0,6,0,3,9,8,0
2024,5,2,14,30,0,8,0,3,10,8,0
2024,5,2,14,45,0,6,0,3,10,8,0
2024,5,2,15,0,0,2,0,3,9,12,0
2024,5,2,15,15,0,4,0,3,8,9,0
2024,5,2,15,30,0,6,0,3,11,9,0
2024,5,2,15,45,0,12,0,3,13,9,0
2024,5,2,16,0,0,11,0,3,13,9,0
2024,5,2,16,15,0,7,0,3,10,16,0
2024,5,2,16,30,0,9,0,3,11,21,0
2024,5,2,16,45,0,7,0,3,11,13,0
2024,5,2,17,0,0,4,0,3,9,12,0
2024,5,2,17,15,0,1,0,3,8,12,0
2024,5,2,17,30,0,0,0,3,11,18,0
2024,5,2,17,45,0,0,0,3,10,14,0
2024,5,2,18,0,0,12,0,3,20,16,0
2024,5,2,18,15,0,17,0,3,27,16,0
2024,5,2,18,30,0,23,0,3,26,16,0
2024,5,2,18,45,0,21,0,3,24,13,0
2024,5,2,19,0,0,8,0,3,15,15,0
2024,5,2,19,15,0,0,0,3,14,21,0
2024,5,2,19,30,0,7,0,3,18,17,0
2024,5,2,19,45,0,12,0,3,15,14,0
2024,5,2,20,0,0,11,0,3,22,9,0
2024,5,2,20,15,0,19,0,3,30,9,0
2024,5,2,20,30,0,21,0,3,22,9,0
2024,5,2,20,45,0,8,0,3,21,13,0
2024,5,2,21,0,0,0,0,3,20,11,0
2024,5,2,21,15,0,1,0,3,27,14,0
2024,5,2,21,30,0,3,0,3,25,14,0
2024,5,2,21,45,0,6,0,3,20,14,0
2024,5,2,22,0,0,17,0,3,23,12,0
2024,5,2,22,15,0,19,0,3,23,12,0
2024,5,2,22,30,0,12,0,3,19,10,0
2024,5,2,22,45,0,7,0,3,18,4,0
2024,5,2,23,0,0,3,0,3,11,3,0
2024,5,2,23,15,0,1,0,3,6,3,0
2024,5,2,23,30,0,0,0,3,3,3,0
2024,5,2,23,45,0,0,0,3,2,3,0
2024,5,2,0,0,0,0,0,3,0,2,0
2024,5,3,6,0,0,1,0,4,2,2,0
2024,5,3,6,15,0,3,0,4,4,2,0
2024,5,3,6,30,0,1,0,4,2,6,0
2024,5,3,6,45,0,0,0,4,2,6,0
2024,5,3,7,0,0,0,0,4,5,8,0
2024,5,3,7,15,0,0,0,4,9,11,0
2024,5,3,7,30,0,1,0,4,13,21,0
2024,5,3,7,45,0,2,0,4,12,17,0
2024,5,3,8,0,0,3,0,4,14,11,0
2024,5,3,8,15,0,0,0,4,14,11,0
2024,5,3,8,30,0,0,0,4,15,12,0
2024,5,3,8,45,0,6,0,4,16,9,0
2024,5,3,9,0,0,10,0,4,17,9,0
2024,5,3,9,15,0,16,0,4,16,10,0
2024,5,3,9,30,0,19,0,4,21,10,0
2024,5,3,9,45,0,9,0,4,11,11,0
2024,5,3,10,0,0,5,0,4,7,11,0
2024,5,3,10,15,0,1,0,4,7,13,0
2024,5,3,10,30,0,0,0,4,8,13,0
2024,5,3,10,45,0,0,0,4,10,16,0
2024,5,3,11,0,0,2,0,4,11,16,0
2024,5,3,11,15,0,8,0,4,10,19,0
2024,5,3,11,30,0,4,0,4,7,18,0
2024,5,3,11,45,0,0,0,4,8,21,0
2024,5,3,12,0,0,0,0,4,14,21,0
2024,5,3,12,15,0,0,0,4,14,15,0
2024,5,3,12,30,0,6,0,4,15,11,0
2024,5,3,12,45,0,9,0,4,16,11,0
2024,5,3,13,0,0,1,0,4,17,9,0
2024,5,3,13,15,0,4,0,4,13,9,0
2024,5,3,13,30,0,5,0,4,7,8,0
2024,5,3,13,45,0,5,0,4,7,11,0
2024,5,3,14,0,0,0,0,4,6,16,0
2024,5,3,14,15,0,0,0,4,9,16,0
2024,5,3,14,30,0,0,0,4,9,13,0
2024,5,3,14,45,0,13,0,4,9,9,0
2024,5,3,15,0,0,2,0,4,8,9,0
2024,5,3,15,15,0,0,0,4,8,10,0
2024,5,3,15,30,0,0,0,4,7,14,0
2024,5,3,15,45,0,0,0,4,7,14,0
2024,5,3,16,0,0,0,0,4,7,16,0
2024,5,3,16,15,0,2,0,4,8,20,0
2024,5,3,16,30,0,7,0,4,10,18,0
2024,5,3,16,45,0,5,0,4,11,11,0
2024,5,3,17,0,0,2,0,4,10,8,0
2024,5,3,17,15,0,1,0,4,9,4,0
2024,5,3,17,30,0,3,0,4,9,2,0
2024,5,3,17,45,0,8,0,4,9,2,0
2024,5,3,18,0,0,6,0,4,10,11,0
2024,5,3,18,15,0,10,0,4,13,13,0
2024,5,3,18,30,0,20,0,4,21,13,0
2024,5,3,18,45,0,6,0,4,15,15,0
2024,5,3,19,0,0,4,0,4,15,11,0
2024,5,3,19,15,0,0,0,4,18,17,0
2024,5,3,19,30,0,4,0,4,15,7,0
2024,5,3,19,45,0,22,0,4,25,7,0
2024,5,3,20,0,0,32,0,4,34,5,0
2024,5,3,20,15,0,5,0,4,20,5,0
2024,5,3,20,30,0,9,0,4,22,15,0
2024,5,3,20,45,0,0,0,4,21,23,0
2024,5,3,21,0,0,0,0,4,25,17,0
2024,5,3,21,15,0,7,0,4,27,11,0
2024,5,3,21,30,0,6,0,4,30,8,0
2024,5,3,21,45,0,15,0,4,31,4,0
2024,5,3,22,0,0,17,0,4,32,4,0
2024,5,3,22,15,0,15,0,4,33,4,0
2024,5,3,22,30,0,9,0,4,15,4,0
2024,5,3,22,45,0,5,0,4,11,4,0
2024,5,3,23,0,0,0,0,4,11,2,0
2024,5,3,23,15,0,2,0,4,6,2,0
2024,5,3,23,30,0,2,0,4,2,2,0
2024,5,3,23,45,0,1,0,4,2,2,0
2024,5,3,0,0,0,0,0,4,0,1,0
2024,5,4,6,0,0,0,0,5,0,0,0
2024,5,4,6,15,0,0,0,5,0,0,0
2024,5,4,6,30,0,0,0,5,2,0,0
2024,5,4,6,45,0,8,0,5,9,1,0
2024,5,4,7,0,0,11,0,5,12,3,0
2024,5,4,7,15,0,7,0,5,8,6,0
2024,5,4,7,30,0,7,0,5,9,8,0
2024,5,4,7,45,0,2,0,5,4,8,0
2024,5,4,8,0,0,0,0,5,3,9,0
2024,5,4,8,15,0,0,0,5,3,9,0
2024,5,4,8,30,0,0,0,5,4,11,0
2024,5,4,8,45,0,0,0,5,7,11,0
2024,5,4,9,0,0,0,0,5,7,10,0
2024,5,4,9,15,0,0,0,5,6,10,0
2024,5,4,9,30,0,0,0,5,7,11,0
2024,5,4,9,45,0,0,0,5,7,11,0
2024,5,4,10,0,0,0,0,5,8,12,0
2024,5,4,10,15,0,4,0,5,8,4,0
2024,5,4,10,30,0,9,0,5,11,4,0
2024,5,4,10,45,0,9,0,5,13,4,0
2024,5,4,11,0,0,12,0,5,20,5,0
2024,5,4,11,15,0,7,0,5,15,5,0
2024,5,4,11,30,0,7,0,5,19,5,0
2024,5,4,11,45,0,5,0,5,12,5,0
2024,5,4,12,0,0,0,0,5,10,6,0
2024,5,4,12,15,0,0,0,5,6,7,0
2024,5,4,12,30,0,0,0,5,6,8,0
2024,5,4,12,45,0,0,0,5,6,8,0
2024,5,4,13,0,0,0,0,5,7,8,0
2024,5,4,13,15,0,4,0,5,9,8,0
2024,5,4,13,30,0,8,0,5,12,3,0
2024,5,4,13,45,0,8,0,5,12,3,0
2024,5,4,14,0,0,12,0,5,15,3,0
2024,5,4,14,15,0,17,0,5,18,5,0
2024,5,4,14,30,0,17,0,5,21,6,0
2024,5,4,14,45,0,11,0,5,16,6,0
2024,5,4,15,0,0,11,0,5,15,6,0
2024,5,4,15,15,0,11,0,5,15,6,0
2024,5,4,15,30,0,10,0,5,14,6,0
2024,5,4,15,45,0,14,0,5,16,6,0
2024,5,4,16,0,0,14,0,5,16,8,0
2024,5,4,16,15,0,0,0,5,9,8,0
2024,5,4,16,30,0,0,0,5,7,6,0
2024,5,4,16,45,0,0,0,5,7,6,0
2024,5,4,17,0,0,0,0,5,5,7,0
2024,5,4,17,15,0,3,0,5,8,4,0
2024,5,4,17,30,0,7,0,5,9,8,0
2024,5,4,17,45,0,6,0,5,7,8,0
2024,5,4,18,0,0,10,0,5,12,9,0
2024,5,4,18,15,0,11,0,5,13,12,0
2024,5,4,18,30,0,10,0,5,13,12,0
2024,5,4,18,45,0,10,0,5,12,9,0
2024,5,4,19,0,0,9,0,5,14,8,0
2024,5,4,19,15,0,6,0,5,9,9,0
2024,5,4,19,30,0,7,0,5,11,8,0
2024,5,4,19,45,0,7,0,5,11,8,0
2024,5,4,20,0,0,8,0,5,12,8,0
2024,5,4,20,15,0,7,0,5,10,7,0
2024,5,4,20,30,0,5,0,5,8,7,0
2024,5,4,20,45,0,3,0,5,7,6,0
2024,5,4,21,0,0,1,0,5,6,6,0
2024,5,4,21,15,0,0,0,5,6,7,0
2024,5,4,21,30,0,0,0,5,6,5,0
2024,5,4,21,45,0,0,0,5,5,6,0
2024,5,4,22,0,0,0,0,5,5,6,0
2024,5,4,22,15,0,0,0,5,4,6,0
2024,5,4,22,30,0,0,0,5,4,2,0
2024,5,4,22,45,0,0,0,5,4,2,0
2024,5,4,23,0,0,0,0,5,3,1,0
2024,5,4,23,15,0,0,0,5,1,0,0
2024,5,4,23,30,0,0,0,5,1,0,0
2024,5,4,23,45,0,0,0,5,0,0,0
2024,5,4,0,0,0,0,0,5,0,0,0
2024,5,5,6,0,0,0,0,6,0,0,0
2024,5,5,6,15,0,0,0,6,0,0,0
2024,5,5,6,30,0,0,0,6,0,1,0
2024,5,5,6,45,0,0,0,6,2,2,0
2024,5,5,7,0,0,0,0,6,3,2,0
2024,5,5,7,15,0,0,0,6,4,4,0
2024,5,5,7,30,0,0,0,6,5,5,0
2024,5,5,7,45,0,0,0,6,5,5,0
2024,5,5,8,0,0,0,0,6,5,7,0
2024,5,5,8,15,0,0,0,6,7,7,0
2024,5,5,8,30,0,0,0,6,8,9,0
2024,5,5,8,45,0,0,0,6,8,11,0
2024,5,5,9,0,0,0,0,6,3,11,0
2024,5,5,9,15,0,0,0,6,3,11,0
2024,5,5,9,30,0,0,0,6,6,11,0
2024,5,5,9,45,0,2,0,6,7,10,0
2024,5,5,10,0,0,5,0,6,8,11,0
2024,5,5,10,15,0,5,0,6,10,11,0
2024,5,5,10,30,0,10,0,6,13,12,0
2024,5,5,10,45,0,11,0,6,13,8,0
2024,5,5,11,0,0,9,0,6,12,6,0
2024,5,5,11,15,0,6,0,6,12,6,0
2024,5,5,11,30,0,6,0,6,11,5,0
2024,5,5,11,45,0,8,0,6,13,5,0
2024,5,5,12,0,0,0,0,6,10,7,0
2024,5,5,12,15,0,0,0,6,6,7,0
2024,5,5,12,30,0,0,0,6,6,5,0
2024,5,5,12,45,0,0,0,6,6,6,0
2024,5,5,13,0,0,0,0,6,6,7,0
2024,5,5,13,15,0,2,0,6,7,7,0
2024,5,5,13,30,0,5,0,6,9,7,0
2024,5,5,13,45,0,6,0,6,9,6,0
2024,5,5,14,0,0,4,0,6,10,6,0
2024,5,5,14,15,0,5,0,6,15,6,0
2024,5,5,14,30,0,11,0,6,13,6,0
2024,5,5,14,45,0,12,0,6,15,5,0
2024,5,5,15,0,0,10,0,6,11,5,0
2024,5,5,15,15,0,11,0,6,10,5,0
2024,5,5,15,30,0,10,0,6,10,5,0
2024,5,5,15,45,0,11,0,6,13,5,0
2024,5,5,16,0,0,7,0,6,16,6,0
2024,5,5,16,15,0,0,0,6,8,5,0
2024,5,5,16,30,0,0,0,6,6,5,0
2024,5,5,16,45,0,0,0,6,5,5,0
2024,5,5,17,0,0,0,0,6,4,5,0
2024,5,5,17,15,0,5,0,6,4,5,0
2024,5,5,17,30,0,4,0,6,6,8,0
2024,5,5,17,45,0,3,0,6,6,8,0
2024,5,5,18,0,0,7,0,6,10,8,0
2024,5,5,18,15,0,8,0,6,11,8,0
2024,5,5,18,30,0,9,0,6,12,8,0
2024,5,5,18,45,0,11,0,6,13,9,0
2024,5,5,19,0,0,9,0,6,12,10,0
2024,5,5,19,15,0,11,0,6,13,11,0
2024,5,5,19,30,0,10,0,6,12,10,0
2024,5,5,19,45,0,8,0,6,12,9,0
2024,5,5,20,0,0,6,0,6,8,4,0
2024,5,5,20,15,0,4,0,6,9,5,0
2024,5,5,20,30,0,4,0,6,9,5,0
2024,5,5,20,45,0,4,0,6,7,5,0
2024,5,5,21,0,0,0,0,6,6,4,0
2024,5,5,21,15,0,0,0,6,4,3,0
2024,5,5,21,30,0,0,0,6,4,3,0
2024,5,5,21,45,0,0,0,6,5,2,0
2024,5,5,22,0,0,0,0,6,4,2,0
2024,5,5,22,15,0,0,0,6,5,1,0
2024,5,5,22,30,0,0,0,6,2,1,0
2024,5,5,22,45,0,0,0,6,1,1,0
2024,5,5,23,0,0,0,0,6,0,0,0
2024,5,5,23,15,0,0,0,6,0,0,0
2024,5,5,23,30,0,0,0,6,0,0,0
2024,5,5,23,45,0,0,0,6,0,0,0
2024,5,5,0,0,0,0,0,6,0,0,0
2024,5,6,6,0,0,2,0,0,6,2,0
2024,5,6,6,15,0,2,0,0,4,2,0
2024,5,6,6,30,0,0,0,0,4,3,0
2024,5,6,6,45,0,0,0,0,5,5,0
2024,5,6,7,0,0,4,0,0,4,11,0
2024,5,6,7,15,0,15,0,0,17,11,0
2024,5,6,7,30,0,0,0,0,19,11,0
2024,5,6,7,45,0,0,0,0,6,16,0
2024,5,6,8,0,0,0,0,0,4,15,0
2024,5,6,8,15,0,0,0,0,4,8,0
2024,5,6,8,30,0,0,0,0,8,9,0
2024,5,6,8,45,0,0,0,0,16,10,0
2024,5,6,9,0,0,3,0,0,16,13,0
2024,5,6,9,15,0,2,0,0,16,15,0
2024,5,6,9,30,0,3,0,0,15,12,0
2024,5,6,9,45,0,0,0,0,15,10,0
2024,5,6,10,0,0,2,0,0,15,13,0
2024,5,6,10,15,0,2,0,0,15,9,0
2024,5,6,10,30,0,0,0,0,20,3,0
2024,5,6,10,45,0,0,0,0,20,5,0
2024,5,6,11,0,0,11,0,0,20,12,0
2024,5,6,11,15,0,5,0,0,20,14,0
2024,5,6,11,30,0,0,0,0,22,16,0
2024,5,6,11,45,0,3,0,0,22,12,0
2024,5,6,12,0,0,0,0,0,22,3,0
2024,5,6,12,15,0,0,0,0,15,5,0
2024,5,6,12,30,0,5,0,0,15,6,0
2024,5,6,12,45,0,8,0,0,15,9,0
2024,5,6,13,0,0,13,0,0,24,6,0
2024,5,6,13,15,0,12,0,0,24,7,0
2024,5,6,13,30,0,14,0,0,24,7,0
2024,5,6,13,45,0,13,0,0,24,12,0
2024,5,6,14,0,0,10,0,0,22,12,0
2024,5,6,14,15,0,3,0,0,12,15,0
2024,5,6,14,30,0,0,0,0,12,11,0
2024,5,6,14,45,0,0,0,0,12,10,0
2024,5,6,15,0,0,0,0,0,14,10,0
2024,5,6,15,15,0,0,0,0,12,10,0
2024,5,6,15,30,0,0,0,0,12,8,0
2024,5,6,15,45,0,0,0,0,13,8,0
2024,5,6,16,0,0,0,0,0,13,11,0
2024,5,6,16,15,0,7,0,0,11,11,0
2024,5,6,16,30,0,8,0,0,12,11,0
2024,5,6,16,45,0,6,0,0,11,7,0
2024,5,6,17,0,0,4,0,0,11,12,0
2024,5,6,17,15,0,0,0,0,11,12,0
2024,5,6,17,30,0,0,0,0,11,12,0
2024,5,6,17,45,0,0,0,0,12,13,0
2024,5,6,18,0,0,0,0,0,11,15,0
2024,5,6,18,15,0,0,0,0,11,12,0
2024,5,6,18,30,0,0,0,0,11,10,0
2024,5,6,18,45,0,15,0,0,30,3,0
2024,5,6,19,0,0,20,0,0,30,5,0
2024,5,6,19,15,0,10,0,0,25,11,0
2024,5,6,19,30,0,0,0,0,30,18,0
2024,5,6,19,45,0,0,0,0,20,10,0
2024,5,6,20,0,0,29,0,0,50,4,0
2024,5,6,20,15,0,15,0,0,40,4,0
2024,5,6,20,30,0,13,0,0,35,4,0
2024,5,6,20,45,0,0,0,0,35,12,0
2024,5,6,21,0,0,0,0,0,35,21,0
2024,5,6,21,15,0,0,0,0,40,24,0
2024,5,6,21,30,0,0,0,0,38,10,0
2024,5,6,21,45,0,14,0,0,35,4,0
2024,5,6,22,0,0,10,0,0,30,5,0
2024,5,6,22,15,0,22,0,0,30,5,0
2024,5,6,22,30,0,19,0,0,30,5,0
2024,5,6,22,45,0,7,0,0,20,4,0
2024,5,6,23,0,0,1,0,0,15,4,0
2024,5,6,23,15,0,0,0,0,10,2,0
2024,5,6,23,30,0,0,0,0,6,2,0
2024,5,6,23,45,0,0,0,0,5,1,0
2024,5,6,0,0,0,0,0,0,2,0,0
2024,5,7,6,0,0,2,0,1,4,2,0
2024,5,7,6,15,0,3,0,1,3,2,0
2024,5,7,6,30,0,0,0,1,6,4,0
2024,5,7,6,45,0,0,0,1,8,4,0
2024,5,7,7,0,0,0,0,1,12,4,0
2024,5,7,7,15,0,0,0,1,8,5,0
2024,5,7,7,30,0,1,0,1,8,6,0
2024,5,7,7,45,0,3,0,1,10,8,0
2024,5,7,8,0,0,0,0,1,10,6,0
2024,5,7,8,15,0,11,0,1,22,3,0
2024,5,7,8,30,0,0,0,1,16,10,0
2024,5,7,8,45,0,3,0,1,14,8,0
2024,5,7,9,0,0,9,0,1,14,5,0
2024,5,7,9,15,0,9,0,1,12,4,0
2024,5,7,9,30,0,2,0,1,13,15,0
2024,5,7,9,45,0,0,0,1,13,14,0
2024,5,7,10,0,0,0,0,1,11,5,0
2024,5,7,10,15,0,10,0,1,11,5,0
2024,5,7,10,30,0,0,0,1,16,9,0
2024,5,7,10,45,0,0,0,1,12,6,0
2024,5,7,11,0,0,8,0,1,12,4,0
2024,5,7,11,15,0,4,0,1,12,4,0
2024,5,7,11,30,0,0,0,1,15,9,0
2024,5,7,11,45,0,0,0,1,18,11,0
2024,5,7,12,0,0,0,0,1,20,12,0
2024,5,7,12,15,0,0,0,1,20,14,0
2024,5,7,12,30,0,4,0,1,25,11,0
2024,5,7,12,45,0,3,0,1,25,17,0
2024,5,7,13,0,0,2,0,1,25,17,0
2024,5,7,13,15,0,4,0,1,28,14,0
2024,5,7,13,30,0,9,0,1,30,14,0
2024,5,7,13,45,0,13,0,1,25,11,0
2024,5,7,14,0,0,0,0,1,22,14,0
2024,5,7,14,15,0,0,0,1,13,17,0
2024,5,7,14,30,0,0,0,1,13,15,0
2024,5,7,14,45,0,0,0,1,11,9,0
2024,5,7,15,0,0,0,0,1,11,6,0
2024,5,7,15,15,0,0,0,1,12,4,0
2024,5,7,15,30,0,1,0,1,12,11,0
2024,5,7,15,45,0,5,0,1,13,9,0
2024,5,7,16,0,0,2,0,1,11,9,0
2024,5,7,16,15,0,0,0,1,11,7,0
2024,5,7,16,30,0,0,0,1,12,4,0
2024,5,7,16,45,0,6,0,1,12,3,0
2024,5,7,17,0,0,4,0,1,11,3,0
2024,5,7,17,15,0,2,0,1,11,6,0
2024,5,7,17,30,0,2,0,1,10,11,0
2024,5,7,17,45,0,0,0,1,12,11,0
2024,5,7,18,0,0,0,0,1,22,15,0
2024,5,7,18,15,0,0,0,1,22,14,0
2024,5,7,18,30,0,0,0,1,22,11,0
2024,5,7,18,45,0,0,0,1,22,9,0
2024,5,7,19,0,0,3,0,1,17,13,0
2024,5,7,19,15,0,2,0,1,22,16,0
2024,5,7,19,30,0,6,0,1,30,16,0
2024,5,7,19,45,0,12,0,1,35,6,0
2024,5,7,20,0,0,15,0,1,27,3,0
2024,5,7,20,15,0,2,0,1,26,2,0
2024,5,7,20,30,0,0,0,1,19,2,0
2024,5,7,20,45,0,0,0,1,19,14,0
2024,5,7,21,0,0,0,0,1,28,20,0
2024,5,7,21,15,0,5,0,1,35,22,0
2024,5,7,21,30,0,15,0,1,29,16,0
2024,5,7,21,45,0,16,0,1,30,6,0
2024,5,7,22,0,0,18,0,1,26,4,0
2024,5,7,22,15,0,14,0,1,28,3,0
2024,5,7,22,30,0,16,0,1,27,3,0
2024,5,7,22,45,0,6,0,1,20,3,0
2024,5,7,23,0,0,3,0,1,12,2,0
2024,5,7,23,15,0,2,0,1,11,2,0
2024,5,7,23,30,0,0,0,1,6,2,0
2024,5,7,23,45,0,0,0,1,2,1,0
2024,5,7,0,0,0,0,0,1,2,0,0
2024,5,8,6,0,0,3,1,2,1,2,0
2024,5,8,6,15,0,2,1,2,2,2,0
2024,5,8,6,30,0,0,1,2,2,2,0
2024,5,8,6,45,0,0,1,2,3,3,0
2024,5,8,7,0,0,2,1,2,5,4,0
2024,5,8,7,15,0,0,1,2,12,4,0
2024,5,8,7,30,0,0,1,2,16,11,0
2024,5,8,7,45,0,0,1,2,20,12,0
2024,5,8,8,0,0,2,1,2,20,14,0
2024,5,8,8,15,0,15,1,2,25,17,0
2024,5,8,8,30,0,4,1,2,14,12,0
2024,5,8,8,45,0,5,1,2,15,4,0
2024,5,8,9,0,0,6,1,2,14,4,0
2024,5,8,9,15,0,0,1,2,20,20,0
2024,5,8,9,30,0,0,1,2,13,15,0
2024,5,8,9,45,0,0,1,2,13,14,0
2024,5,8,10,0,0,0,1,2,11,8,0
2024,5,8,10,15,0,2,1,2,12,16,0
2024,5,8,10,30,0,9,1,2,11,3,0
2024,5,8,10,45,0,2,1,2,10,3,0
2024,5,8,11,0,0,2,1,2,11,3,0
2024,5,8,11,15,0,3,1,2,10,11,0
2024,5,8,11,30,0,9,1,2,13,3,0
2024,5,8,11,45,0,3,1,2,11,9,0
2024,5,8,12,0,0,0,1,2,17,10,0
2024,5,8,12,15,0,0,1,2,16,10,0
2024,5,8,12,30,0,0,1,2,16,11,0
2024,5,8,12,45,0,0,1,2,15,11,0
2024,5,8,13,0,0,6,1,2,16,12,0
2024,5,8,13,15,0,4,1,2,17,14,0
2024,5,8,13,30,0,3,1,2,16,13,0
2024,5,8,13,45,0,0,1,2,14,11,0
2024,5,8,14,0,0,0,1,2,18,11,0
2024,5,8,14,15,0,0,1,2,11,10,0
2024,5,8,14,30,0,0,1,2,12,13,0
2024,5,8,14,45,0,4,1,2,11,11,0
2024,5,8,15,0,0,2,1,2,10,6,0
2024,5,8,15,15,0,4,1,2,10,6,0
2024,5,8,15,30,0,3,1,2,10,7,0
2024,5,8,15,45,0,5,1,2,10,6,0
2024,5,8,16,0,0,0,1,2,9,6,0
2024,5,8,16,15,0,0,1,2,11,9,0
2024,5,8,16,30,0,0,1,2,8,4,0
2024,5,8,16,45,0,0,1,2,9,3,0
2024,5,8,17,0,0,4,1,2,10,9,0
2024,5,8,17,15,0,0,1,2,9,14,0
2024,5,8,17,30,0,0,1,2,11,9,0
2024,5,8,17,45,0,0,1,2,10,8,0
2024,5,8,18,0,0,0,1,2,14,4,0
2024,5,8,18,15,0,0,1,2,14,4,0
2024,5,8,18,30,0,2,1,2,15,4,0
2024,5,8,18,45,0,0,1,2,16,13,0
2024,5,8,19,0,0,0,1,2,18,18,0
2024,5,8,19,15,0,4,1,2,19,11,0
2024,5,8,19,30,0,0,1,2,20,10,0
2024,5,8,19,45,0,6,1,2,22,10,0
2024,5,8,20,0,0,20,1,2,24,8,0
2024,5,8,20,15,0,27,1,2,27,6,0
2024,5,8,20,30,0,29,1,2,34,16,0
2024,5,8,20,45,0,4,1,2,29,19,0
2024,5,8,21,0,0,6,1,2,30,13,0
2024,5,8,21,15,0,12,1,2,35,6,0
2024,5,8,21,30,0,18,1,2,35,5,0
2024,5,8,21,45,0,11,1,2,30,5,0
2024,5,8,22,0,0,14,1,2,30,5,0
2024,5,8,22,15,0,11,1,2,29,4,0
2024,5,8,22,30,0,14,1,2,22,4,0
2024,5,8,22,45,0,7,1,2,16,4,0
2024,5,8,23,0,0,3,1,2,11,4,0
2024,5,8,23,15,0,3,1,2,7,3,0
2024,5,8,23,30,0,0,1,2,3,2,0
2024,5,8,23,45,0,0,1,2,1,1,0
2024,5,8,0,0,0,0,1,2,0,1,0
2024,5,9,6,0,0,3,0,3,4,2,0
2024,5,9,6,15,0,2,0,3,3,2,0
2024,5,9,6,30,0,1,0,3,3,2,0
2024,5,9,6,45,0,0,0,3,7,2,0
2024,5,9,7,0,0,0,0,3,12,3,0
2024,5,9,7,15,0,0,0,3,12,5,0
2024,5,9,7,30,0,0,0,3,16,10,0
2024,5,9,7,45,0,0,0,3,14,11,0
2024,5,9,8,0,0,0,0,3,28,19,0
2024,5,9,8,15,0,0,0,3,22,21,0
2024,5,9,8,30,0,0,0,3,15,10,0
2024,5,9,8,45,0,3,0,3,14,6,0
2024,5,9,9,0,0,5,0,3,12,4,0
2024,5,9,9,15,0,8,0,3,11,4,0
2024,5,9,9,30,0,9,0,3,16,3,0
2024,5,9,9,45,0,12,0,3,13,5,0
2024,5,9,10,0,0,14,0,3,18,5,0
2024,5,9,10,15,0,13,0,3,15,8,0
2024,5,9,10,30,0,7,0,3,18,4,0
2024,5,9,10,45,0,9,0,3,18,4,0
2024,5,9,11,0,0,11,0,3,14,4,0
2024,5,9,11,15,0,14,0,3,15,7,0
2024,5,9,11,30,0,17,0,3,18,6,0
2024,5,9,11,45,0,10,0,3,15,3,0
2024,5,9,12,0,0,16,0,3,14,3,0
2024,5,9,12,15,0,12,0,3,12,5,0
2024,5,9,12,30,0,14,0,3,15,5,0
2024,5,9,12,45,0,12,0,3,13,8,0
2024,5,9,13,0,0,10,0,3,12,9,0
2024,5,9,13,15,0,6,0,3,10,9,0
2024,5,9,13,30,0,5,0,3,11,9,0
2024,5,9,13,45,0,9,0,3,11,9,0
2024,5,9,14,0,0,5,0,3,10,9,0
2024,5,9,14,15,0,9,0,3,10,8,0
2024,5,9,14,30,0,9,0,3,11,7,0
2024,5,9,14,45,0,8,0,3,9,7,0
2024,5,9,15,0,0,2,0,3,8,7,0
2024,5,9,15,15,0,5,0,3,9,7,0
2024,5,9,15,30,0,7,0,3,9,6,0
2024,5,9,15,45,0,5,0,3,10,7,0
2024,5,9,16,0,0,0,0,3,9,10,0
2024,5,9,16,15,0,0,0,3,8,16,0
2024,5,9,16,30,0,0,0,3,7,19,0
2024,5,9,16,45,0,9,0,3,10,13,0
2024,5,9,17,0,0,0,0,3,10,12,0
2024,5,9,17,15,0,0,0,3,8,12,0
2024,5,9,17,30,0,0,0,3,8,18,0
2024,5,9,17,45,0,0,0,3,9,14,0
2024,5,9,18,0,0,17,0,3,28,16,0
2024,5,9,18,15,0,21,0,3,26,16,0
2024,5,9,18,30,0,18,0,3,20,16,0
2024,5,9,18,45,0,16,0,3,20,13,0
2024,5,9,19,0,0,0,0,3,13,15,0
2024,5,9,19,15,0,0,0,3,13,21,0
2024,5,9,19,30,0,15,0,3,18,17,0
2024,5,9,19,45,0,12,0,3,22,14,0
2024,5,9,20,0,0,7,0,3,21,9,0
2024,5,9,20,15,0,0,0,3,30,9,0
2024,5,9,20,30,0,26,0,3,28,9,0
2024,5,9,20,45,0,8,0,3,25,13,0
2024,5,9,21,0,0,0,0,3,30,11,0
2024,5,9,21,15,0,0,0,3,32,14,0
2024,5,9,21,30,0,0,0,3,29,14,0
2024,5,9,21,45,0,4,0,3,33,9,0
2024,5,9,22,0,0,17,0,3,29,9,0
2024,5,9,22,15,0,19,0,3,25,9,0
2024,5,9,22,30,0,12,0,3,23,9,0
2024,5,9,22,45,0,11,0,3,28,4,0
2024,5,9,23,0,0,3,0,3,20,3,0
2024,5,9,23,15,0,1,0,3,7,3,0
2024,5,9,23,30,0,0,0,3,4,2,0
2024,5,9,23,45,0,0,0,3,2,1,0
2024,5,9,0,0,0,0,0,3,0,1,0
2024,5,10,6,0,0,2,0,4,3,2,0
2024,5,10,6,15,0,2,0,4,3,2,0
2024,5,10,6,30,0,1,0,4,2,4,0
2024,5,10,6,45,0,0,0,4,4,4,0
2024,5,10,7,0,0,0,0,4,6,7,0
2024,5,10,7,15,0,0,0,4,8,7,0
2024,5,10,7,30,0,0,0,4,12,18,0
2024,5,10,7,45,0,0,0,4,11,15,0
2024,5,10,8,0,0,0,0,4,12,11,0
2024,5,10,8,15,0,0,0,4,12,10,0
2024,5,10,8,30,0,0,0,4,14,13,0
2024,5,10,8,45,0,6,0,4,14,9,0
2024,5,10,9,0,0,10,0,4,15,3,0
2024,5,10,9,15,0,13,0,4,16,2,0
2024,5,10,9,30,0,18,0,4,20,3,0
2024,5,10,9,45,0,9,0,4,12,3,0
2024,5,10,10,0,0,6,0,4,10,3,0
2024,5,10,10,15,0,0,0,4,8,9,0
2024,5,10,10,30,0,0,0,4,8,10,0
2024,5,10,10,45,0,0,0,4,11,15,0
2024,5,10,11,0,0,2,0,4,10,16,0
2024,5,10,11,15,0,4,0,4,11,14,0
2024,5,10,11,30,0,1,0,4,8,21,0
2024,5,10,11,45,0,0,0,4,7,15,0
2024,5,10,12,0,0,0,0,4,12,13,0
2024,5,10,12,15,0,0,0,4,14,13,0
2024,5,10,12,30,0,6,0,4,15,11,0
2024,5,10,12,45,0,9,0,4,15,11,0
2024,5,10,13,0,0,1,0,4,16,14,0
2024,5,10,13,15,0,4,0,4,10,14,0
2024,5,10,13,30,0,6,0,4,9,11,0
2024,5,10,13,45,0,6,0,4,10,11,0
2024,5,10,14,0,0,0,0,4,8,14,0
2024,5,10,14,15,0,0,0,4,9,13,0
2024,5,10,14,30,0,0,0,4,11,13,0
2024,5,10,14,45,0,13,0,4,10,11,0
2024,5,10,15,0,0,2,0,4,8,11,0
2024,5,10,15,15,0,0,0,4,9,10,0
2024,5,10,15,30,0,0,0,4,9,12,0
2024,5,10,15,45,0,0,0,4,8,9,0
2024,5,10,16,0,0,0,0,4,8,15,0
2024,5,10,16,15,0,0,0,4,9,17,0
2024,5,10,16,30,0,0,0,4,11,15,0
2024,5,10,16,45,0,0,0,4,10,6,0
2024,5,10,17,0,0,4,0,4,11,3,0
2024,5,10,17,15,0,3,0,4,10,11,0
2024,5,10,17,30,0,9,0,4,11,3,0
2024,5,10,17,45,0,15,0,4,10,3,0
2024,5,10,18,0,0,0,0,4,9,14,0
2024,5,10,18,15,0,0,0,4,12,11,0
2024,5,10,18,30,0,18,0,4,20,6,0
2024,5,10,18,45,0,0,0,4,16,16,0
2024,5,10,19,0,0,0,0,4,16,10,0
2024,5,10,19,15,0,5,0,4,14,20,0
2024,5,10,19,30,0,20,0,4,26,5,0
2024,5,10,19,45,0,29,0,4,31,5,0
2024,5,10,20,0,0,14,0,4,32,5,0
2024,5,10,20,15,0,5,0,4,27,13,0
2024,5,10,20,30,0,0,0,4,23,18,0
2024,5,10,20,45,0,0,0,4,25,19,0
2024,5,10,21,0,0,0,0,4,33,15,0
2024,5,10,21,15,0,0,0,4,28,5,0
2024,5,10,21,30,0,7,0,4,26,5,0
2024,5,10,21,45,0,15,0,4,29,5,0
2024,5,10,22,0,0,17,0,4,25,5,0
2024,5,10,22,15,0,15,0,4,29,4,0
2024,5,10,22,30,0,12,0,4,11,4,0
2024,5,10,22,45,0,7,0,4,10,4,0
2024,5,10,23,0,0,4,0,4,10,2,0
2024,5,10,23,15,0,2,0,4,5,2,0
2024,5,10,23,30,0,2,0,4,3,2,0
2024,5,10,23,45,0,1,0,4,2,2,0
2024,5,10,0,0,0,0,0,4,0,1,0
2024,5,11,6,0,0,0,0,5,1,0,0
2024,5,11,6,15,0,0,0,5,1,1,0
2024,5,11,6,30,0,0,0,5,4,1,0
2024,5,11,6,45,0,8,0,5,2,2,0
2024,5,11,7,0,0,11,0,5,11,6,0
2024,5,11,7,15,0,7,0,5,9,9,0
2024,5,11,7,30,0,7,0,5,12,9,0
2024,5,11,7,45,0,2,0,5,6,11,0
2024,5,11,8,0,0,0,0,5,4,13,0
2024,5,11,8,15,0,0,0,5,4,13,0
2024,5,11,8,30,0,0,0,5,6,14,0
2024,5,11,8,45,0,0,0,5,6,14,0
2024,5,11,9,0,0,0,0,5,4,13,0
2024,5,11,9,15,0,0,0,5,4,13,0
2024,5,11,9,30,0,0,0,5,6,13,0
2024,5,11,9,45,0,0,0,5,8,10,0
2024,5,11,10,0,0,0,0,5,7,6,0
2024,5,11,10,15,0,4,0,5,7,6,0
2024,5,11,10,30,0,9,0,5,12,7,0
2024,5,11,10,45,0,9,0,5,18,7,0
2024,5,11,11,0,0,12,0,5,25,6,0
2024,5,11,11,15,0,7,0,5,14,6,0
2024,5,11,11,30,0,7,0,5,18,6,0
2024,5,11,11,45,0,5,0,5,11,6,0
2024,5,11,12,0,0,0,0,5,9,8,0
2024,5,11,12,15,0,0,0,5,7,8,0
2024,5,11,12,30,0,0,0,5,7,8,0
2024,5,11,12,45,0,0,0,5,5,7,0
2024,5,11,13,0,0,0,0,5,5,7,0
2024,5,11,13,15,0,4,0,5,8,7,0
2024,5,11,13,30,0,8,0,5,13,9,0
2024,5,11,13,45,0,8,0,5,13,9,0
2024,5,11,14,0,0,12,0,5,16,9,0
2024,5,11,14,15,0,17,0,5,20,7,0
2024,5,11,14,30,0,17,0,5,20,7,0
2024,5,11,14,45,0,11,0,5,17,5,0
2024,5,11,15,0,0,11,0,5,14,5,0
2024,5,11,15,15,0,11,0,5,14,4,0
2024,5,11,15,30,0,10,0,5,12,4,0
2024,5,11,15,45,0,14,0,5,19,4,0
2024,5,11,16,0,0,14,0,5,17,5,0
2024,5,11,16,15,0,0,0,5,8,5,0
2024,5,11,16,30,0,0,0,5,8,5,0
2024,5,11,16,45,0,0,0,5,6,7,0
2024,5,11,17,0,0,0,0,5,6,7,0
2024,5,11,17,15,0,3,0,5,9,7,0
2024,5,11,17,30,0,7,0,5,8,8,0
2024,5,11,17,45,0,6,0,5,6,8,0
2024,5,11,18,0,0,10,0,5,9,5,0
2024,5,11,18,15,0,11,0,5,11,7,0
2024,5,11,18,30,0,10,0,5,14,7,0
2024,5,11,18,45,0,10,0,5,13,9,0
2024,5,11,19,0,0,9,0,5,13,9,0
2024,5,11,19,15,0,6,0,5,10,10,0
2024,5,11,19,30,0,7,0,5,13,10,0
2024,5,11,19,45,0,7,0,5,13,10,0
2024,5,11,20,0,0,8,0,5,14,11,0
2024,5,11,20,15,0,7,0,5,11,11,0
2024,5,11,20,30,0,5,0,5,13,11,0
2024,5,11,20,45,0,3,0,5,9,6,0
2024,5,11,21,0,0,1,0,5,7,6,0
2024,5,11,21,15,0,0,0,5,7,7,0
2024,5,11,21,30,0,0,0,5,6,7,0
2024,5,11,21,45,0,0,0,5,6,5,0
2024,5,11,22,0,0,0,0,5,6,5,0
2024,5,11,22,15,0,0,0,5,5,2,0
2024,5,11,22,30,0,0,0,5,5,1,0
2024,5,11,22,45,0,0,0,5,7,1,0
2024,5,11,23,0,0,0,0,5,3,0,0
2024,5,11,23,15,0,0,0,5,1,0,0
2024,5,11,23,30,0,0,0,5,1,0,0
2024,5,11,23,45,0,0,0,5,1,0,0
2024,5,11,0,0,0,0,0,5,0,0,0
2024,5,12,6,0,0,0,0,6,0,0,0
2024,5,12,6,15,0,0,0,6,0,0,0
2024,5,12,6,30,0,0,0,6,0,0,0
2024,5,12,6,45,0,0,0,6,1,0,0
2024,5,12,7,0,0,0,0,6,3,2,0
2024,5,12,7,15,0,0,0,6,4,3,0
2024,5,12,7,30,0,0,0,6,6,4,0
2024,5,12,7,45,0,0,0,6,5,5,0
2024,5,12,8,0,0,0,0,6,5,5,0
2024,5,12,8,15,0,0,0,6,5,5,0
2024,5,12,8,30,0,0,0,6,6,5,0
2024,5,12,8,45,0,0,0,6,6,8,0
2024,5,12,9,0,0,0,0,6,5,8,0
2024,5,12,9,15,0,0,0,6,5,9,0
2024,5,12,9,30,0,2,0,6,7,9,0
2024,5,12,9,45,0,2,0,6,7,10,0
2024,5,12,10,0,0,5,0,6,8,10,0
2024,5,12,10,15,0,5,0,6,10,10,0
2024,5,12,10,30,0,9,0,6,15,6,0
2024,5,12,10,45,0,12,0,6,15,6,0
2024,5,12,11,0,0,8,0,6,12,5,0
2024,5,12,11,15,0,5,0,6,11,5,0
2024,5,12,11,30,0,8,0,6,11,6,0
2024,5,12,11,45,0,6,0,6,12,6,0
2024,5,12,12,0,0,0,0,6,13,6,0
2024,5,12,12,15,0,0,0,6,8,5,0
2024,5,12,12,30,0,0,0,6,9,5,0
2024,5,12,12,45,0,0,0,6,10,5,0
2024,5,12,13,0,0,0,0,6,7,8,0
2024,5,12,13,15,0,3,0,6,8,8,0
2024,5,12,13,30,0,4,0,6,11,8,0
2024,5,12,13,45,0,5,0,6,12,8,0
2024,5,12,14,0,0,3,0,6,9,8,0
2024,5,12,14,15,0,6,0,6,12,8,0
2024,5,12,14,30,0,11,0,6,14,7,0
2024,5,12,14,45,0,10,0,6,14,5,0
2024,5,12,15,0,0,10,0,6,14,5,0
2024,5,12,15,15,0,9,0,6,13,5,0
2024,5,12,15,30,0,9,0,6,13,6,0
2024,5,12,15,45,0,10,0,6,14,5,0
2024,5,12,16,0,0,7,0,6,14,5,0
2024,5,12,16,15,0,0,0,6,9,5,0
2024,5,12,16,30,0,0,0,6,9,5,0
2024,5,12,16,45,0,0,0,6,6,7,0
2024,5,12,17,0,0,0,0,6,7,7,0
2024,5,12,17,15,0,3,0,6,7,7,0
2024,5,12,17,30,0,4,0,6,9,10,0
2024,5,12,17,45,0,4,0,6,9,10,0
2024,5,12,18,0,0,4,0,6,9,10,0
2024,5,12,18,15,0,8,0,6,11,7,0
2024,5,12,18,30,0,10,0,6,13,7,0
2024,5,12,18,45,0,11,0,6,13,7,0
2024,5,12,19,0,0,11,0,6,12,11,0
2024,5,12,19,15,0,8,0,6,14,10,0
2024,5,12,19,30,0,9,0,6,11,10,0
2024,5,12,19,45,0,6,0,6,11,7,0
2024,5,12,20,0,0,6,0,6,10,7,0
2024,5,12,20,15,0,6,0,6,7,7,0
2024,5,12,20,30,0,3,0,6,7,4,0
2024,5,12,20,45,0,5,0,6,7,4,0
2024,5,12,21,0,0,0,0,6,6,3,0
2024,5,12,21,15,0,0,0,6,9,3,0
2024,5,12,21,30,0,0,0,6,9,3,0
2024,5,12,21,45,0,0,0,6,8,3,0
2024,5,12,22,0,0,0,0,6,5,2,0
2024,5,12,22,15,0,0,0,6,5,2,0
2024,5,12,22,30,0,0,0,6,3,2,0
2024,5,12,22,45,0,0,0,6,3,1,0
2024,5,12,23,0,0,0,0,6,2,1,0
2024,5,12,23,15,0,0,0,6,0,0,0
2024,5,12,23,30,0,0,0,6,0,0,0
2024,5,12,23,45,0,0,0,6,0,0,0
2024,5,12,0,0,0,0,0,6,0,0,0
2024,5,13,6,0,0,2,0,0,5,2,0
2024,5,13,6,15,0,0,0,0,2,3,0
2024,5,13,6,30,0,0,0,0,2,3,0
2024,5,13,6,45,0,0,0,0,5,4,0
2024,5,13,7,0,0,6,0,0,3,10,0
2024,5,13,7,15,0,14,0,0,15,10,0
2024,5,13,7,30,0,1,0,0,18,11,0
2024,5,13,7,45,0,0,0,0,7,12,0
2024,5,13,8,0,0,0,0,0,3,15,0
2024,5,13,8,15,0,0,0,0,3,10,0
2024,5,13,8,30,0,6,0,0,7,6,0
2024,5,13,8,45,0,8,0,0,15,10,0
2024,5,13,9,0,0,2,0,0,15,10,0
2024,5,13,9,15,0,2,0,0,12,13,0
2024,5,13,9,30,0,4,0,0,11,13,0
2024,5,13,9,45,0,7,0,0,11,13,0
2024,5,13,10,0,0,8,0,0,11,11,0
2024,5,13,10,15,0,4,0,0,11,11,0
2024,5,13,10,30,0,0,0,0,15,14,0
2024,5,13,10,45,0,0,0,0,15,8,0
2024,5,13,11,0,0,3,0,0,15,7,0
2024,5,13,11,15,0,3,0,0,15,12,0
2024,5,13,11,30,0,0,0,0,17,14,0
2024,5,13,11,45,0,0,0,0,17,14,0
2024,5,13,12,0,0,0,0,0,17,11,0
2024,5,13,12,15,0,3,0,0,12,6,0
2024,5,13,12,30,0,8,0,0,13,7,0
2024,5,13,12,45,0,6,0,0,12,7,0
2024,5,13,13,0,0,12,0,0,20,8,0
2024,5,13,13,15,0,9,0,0,20,9,0
2024,5,13,13,30,0,9,0,0,20,11,0
2024,5,13,13,45,0,16,0,0,20,12,0
2024,5,13,14,0,0,7,0,0,18,12,0
2024,5,13,14,15,0,8,0,0,16,11,0
2024,5,13,14,30,0,3,0,0,15,11,0
2024,5,13,14,45,0,0,0,0,11,12,0
2024,5,13,15,0,0,0,0,0,11,12,0
2024,5,13,15,15,0,0,0,0,11,7,0
2024,5,13,15,30,0,0,0,0,11,11,0
2024,5,13,15,45,0,0,0,0,11,11,0
2024,5,13,16,0,0,6,0,0,10,8,0
2024,5,13,16,15,0,7,0,0,12,8,0
2024,5,13,16,30,0,11,0,0,11,7,0
2024,5,13,16,45,0,3,0,0,11,11,0
2024,5,13,17,0,0,0,0,0,10,11,0
2024,5,13,17,15,0,7,0,0,12,13,0
2024,5,13,17,30,0,5,0,0,12,12,0
2024,5,13,17,45,0,5,0,0,12,12,0
2024,5,13,18,0,0,2,0,0,12,11,0
2024,5,13,18,15,0,11,0,0,15,15,0
2024,5,13,18,30,0,10,0,0,15,9,0
2024,5,13,18,45,0,19,0,0,26,6,0
2024,5,13,19,0,0,14,0,0,27,5,0
2024,5,13,19,15,0,8,0,0,26,8,0
2024,5,13,19,30,0,0,0,0,32,15,0
2024,5,13,19,45,0,0,0,0,23,14,0
2024,5,13,20,0,0,29,0,0,48,7,0
2024,5,13,20,15,0,25,0,0,42,4,0
2024,5,13,20,30,0,12,0,0,36,4,0
2024,5,13,20,45,0,4,0,0,32,12,0
2024,5,13,21,0,0,0,0,0,33,22,0
2024,5,13,21,15,0,15,0,0,38,22,0
2024,5,13,21,30,0,5,0,0,31,15,0
2024,5,13,21,45,0,9,0,0,33,15,0
2024,5,13,22,0,0,12,0,0,32,11,0
2024,5,13,22,15,0,10,0,0,35,7,0
2024,5,13,22,30,0,16,0,0,26,7,0
2024,5,13,22,45,0,9,0,0,16,3,0
2024,5,13,23,0,0,4,0,0,11,3,0
2024,5,13,23,15,0,1,0,0,8,3,0
2024,5,13,23,30,0,0,0,0,3,1,0
2024,5,13,23,45,0,0,0,0,3,1,0
2024,5,13,0,0,0,0,0,0,0,1,0
2024,5,14,6,0,0,2,0,1,3,1,0
2024,5,14,6,15,0,2,0,1,4,3,0
2024,5,14,6,30,0,0,0,1,4,3,0
2024,5,14,6,45,0,0,0,1,7,3,0
2024,5,14,7,0,0,0,0,1,10,6,0
2024,5,14,7,15,0,0,0,1,9,6,0
2024,5,14,7,30,0,0,0,1,9,6,0
2024,5,14,7,45,0,6,0,1,11,6,0
2024,5,14,8,0,0,4,0,1,11,6,0
2024,5,14,8,15,0,15,0,1,20,5,0
2024,5,14,8,30,0,6,0,1,17,14,0
2024,5,14,8,45,0,0,0,1,15,15,0
2024,5,14,9,0,0,4,0,1,15,7,0
2024,5,14,9,15,0,8,0,1,19,5,0
2024,5,14,9,30,0,0,0,1,22,14,0
2024,5,14,9,45,0,0,0,1,21,14,0
2024,5,14,10,0,0,0,0,1,16,18,0
2024,5,14,10,15,0,12,0,1,16,14,0
2024,5,14,10,30,0,0,0,1,15,11,0
2024,5,14,10,45,0,0,0,1,11,11,0
2024,5,14,11,0,0,0,0,1,11,3,0
2024,5,14,11,15,0,0,0,1,10,2,0
2024,5,14,11,30,0,0,0,1,11,11,0
2024,5,14,11,45,0,0,0,1,14,11,0
2024,5,14,12,0,0,0,0,1,20,11,0
2024,5,14,12,15,0,0,0,1,22,11,0
2024,5,14,12,30,0,0,0,1,30,12,0
2024,5,14,12,45,0,0,0,1,27,15,0
2024,5,14,13,0,0,0,0,1,27,19,0
2024,5,14,13,15,0,0,0,1,26,15,0
2024,5,14,13,30,0,3,0,1,27,16,0
2024,5,14,13,45,0,3,0,1,22,12,0
2024,5,14,14,0,0,5,0,1,16,15,0
2024,5,14,14,15,0,3,0,1,15,15,0
2024,5,14,14,30,0,0,0,1,15,16,0
2024,5,14,14,45,0,0,0,1,15,12,0
2024,5,14,15,0,0,0,0,1,15,13,0
2024,5,14,15,15,0,5,0,1,17,8,0
2024,5,14,15,30,0,2,0,1,12,11,0
2024,5,14,15,45,0,5,0,1,12,10,0
2024,5,14,16,0,0,4,0,1,12,10,0
2024,5,14,16,15,0,0,0,1,12,11,0
2024,5,14,16,30,0,0,0,1,12,6,0
2024,5,14,16,45,0,0,0,1,10,8,0
2024,5,14,17,0,0,9,0,1,11,7,0
2024,5,14,17,15,0,5,0,1,14,8,0
2024,5,14,17,30,0,5,0,1,14,5,0
2024,5,14,17,45,0,0,0,1,13,19,0
2024,5,14,18,0,0,0,0,1,23,13,0
2024,5,14,18,15,0,0,0,1,23,14,0
2024,5,14,18,30,0,0,0,1,24,21,0
2024,5,14,18,45,0,3,0,1,24,10,0
2024,5,14,19,0,0,2,0,1,22,6,0
2024,5,14,19,15,0,8,0,1,21,6,0
2024,5,14,19,30,0,8,0,1,29,14,0
2024,5,14,19,45,0,16,0,1,32,18,0
2024,5,14,20,0,0,22,0,1,33,10,0
2024,5,14,20,15,0,16,0,1,28,4,0
2024,5,14,20,30,0,4,0,1,22,4,0
2024,5,14,20,45,0,7,0,1,25,3,0
2024,5,14,21,0,0,7,0,1,29,3,0
2024,5,14,21,15,0,14,0,1,36,18,0
2024,5,14,21,30,0,11,0,1,33,13,0
2024,5,14,21,45,0,7,0,1,39,10,0
2024,5,14,22,0,0,4,0,1,28,9,0
2024,5,14,22,15,0,15,0,1,30,6,0
2024,5,14,22,30,0,15,0,1,31,4,0
2024,5,14,22,45,0,3,0,1,21,4,0
2024,5,14,23,0,0,1,0,1,10,2,0
2024,5,14,23,15,0,1,0,1,7,2,0
2024,5,14,23,30,0,0,0,1,4,2,0
2024,5,14,23,45,0,0,0,1,2,1,0
2024,5,14,0,0,0,0,0,1,0,0,0
2024,5,15,6,0,0,1,1,2,1,2,0
2024,5,15,6,15,0,2,1,2,1,2,0
2024,5,15,6,30,0,1,1,2,3,3,0
2024,5,15,6,45,0,0,1,2,4,6,0
2024,5,15,7,0,0,0,1,2,4,6,0
2024,5,15,7,15,0,4,1,2,13,6,0
2024,5,15,7,30,0,7,1,2,14,7,0
2024,5,15,7,45,0,7,1,2,12,11,0
2024,5,15,8,0,0,6,1,2,19,14,0
2024,5,15,8,15,0,15,1,2,26,12,0
2024,5,15,8,30,0,0,1,2,16,12,0
2024,5,15,8,45,0,0,1,2,19,11,0
2024,5,15,9,0,0,7,1,2,21,13,0
2024,5,15,9,15,0,0,1,2,15,13,0
2024,5,15,9,30,0,0,1,2,14,14,0
2024,5,15,9,45,0,0,1,2,15,12,0
2024,5,15,10,0,0,3,1,2,10,12,0
2024,5,15,10,15,0,3,1,2,11,16,0
2024,5,15,10,30,0,14,1,2,12,11,0
2024,5,15,10,45,0,4,1,2,13,11,0
2024,5,15,11,0,0,6,1,2,11,11,0
2024,5,15,11,15,0,11,1,2,12,10,0
2024,5,15,11,30,0,5,1,2,14,8,0
2024,5,15,11,45,0,0,1,2,15,8,0
2024,5,15,12,0,0,6,1,2,15,11,0
2024,5,15,12,15,0,12,1,2,16,11,0
2024,5,15,12,30,0,14,1,2,17,13,0
2024,5,15,12,45,0,5,1,2,15,13,0
2024,5,15,13,0,0,0,1,2,12,12,0
2024,5,15,13,15,0,0,1,2,16,12,0
2024,5,15,13,30,0,0,1,2,13,12,0
2024,5,15,13,45,0,0,1,2,12,10,0
2024,5,15,14,0,0,0,1,2,18,10,0
2024,5,15,14,15,0,0,1,2,15,11,0
2024,5,15,14,30,0,10,1,2,15,14,0
2024,5,15,14,45,0,12,1,2,17,14,0
2024,5,15,15,0,0,5,1,2,17,8,0
2024,5,15,15,15,0,0,1,2,12,12,0
2024,5,15,15,30,0,0,1,2,14,12,0
2024,5,15,15,45,0,0,1,2,11,13,0
2024,5,15,16,0,0,11,1,2,15,13,0
2024,5,15,16,15,0,8,1,2,12,13,0
2024,5,15,16,30,0,0,1,2,11,7,0
2024,5,15,16,45,0,0,1,2,10,7,0
2024,5,15,17,0,0,0,1,2,10,6,0
2024,5,15,17,15,0,6,1,2,10,12,0
2024,5,15,17,30,0,3,1,2,14,9,0
2024,5,15,17,45,0,3,1,2,12,9,0
2024,5,15,18,0,0,5,1,2,12,6,0
2024,5,15,18,15,0,0,1,2,14,6,0
2024,5,15,18,30,0,0,1,2,14,10,0
2024,5,15,18,45,0,0,1,2,12,12,0
2024,5,15,19,0,0,0,1,2,13,13,0
2024,5,15,19,15,0,3,1,2,20,13,0
2024,5,15,19,30,0,11,1,2,22,16,0
2024,5,15,19,45,0,6,1,2,25,10,0
2024,5,15,20,0,0,14,1,2,25,9,0
2024,5,15,20,15,0,27,1,2,24,9,0
2024,5,15,20,30,0,31,1,2,22,19,0
2024,5,15,20,45,0,11,1,2,31,20,0
2024,5,15,21,0,0,5,1,2,33,15,0
2024,5,15,21,15,0,17,1,2,32,12,0
2024,5,15,21,30,0,21,1,2,33,10,0
2024,5,15,21,45,0,13,1,2,31,10,0
2024,5,15,22,0,0,11,1,2,31,5,0
2024,5,15,22,15,0,6,1,2,30,5,0
2024,5,15,22,30,0,6,1,2,27,5,0
2024,5,15,22,45,0,4,1,2,22,7,0
2024,5,15,23,0,0,2,1,2,9,7,0
2024,5,15,23,15,0,1,1,2,6,2,0
2024,5,15,23,30,0,2,1,2,4,1,0
2024,5,15,23,45,0,0,1,2,1,0,0
2024,5,15,0,0,0,0,1,2,0,0,0
2024,5,16,6,0,0,2,0,3,2,1,0
2024,5,16,6,15,0,0,0,3,2,1,0
2024,5,16,6,30,0,0,0,3,3,2,0
2024,5,16,6,45,0,0,0,3,4,2,0
2024,5,16,7,0,0,0,0,3,13,4,0
2024,5,16,7,15,0,0,0,3,11,6,0
2024,5,16,7,30,0,3,0,3,12,12,0
2024,5,16,7,45,0,2,0,3,12,11,0
2024,5,16,8,0,0,3,0,3,28,16,0
2024,5,16,8,15,0,7,0,3,24,20,0
2024,5,16,8,30,0,4,0,3,17,15,0
2024,5,16,8,45,0,2,0,3,16,9,0
2024,5,16,9,0,0,3,0,3,14,7,0
2024,5,16,9,15,0,6,0,3,9,4,0
2024,5,16,9,30,0,9,0,3,11,4,0
2024,5,16,9,45,0,6,0,3,12,3,0
2024,5,16,10,0,0,9,0,3,12,3,0
2024,5,16,10,15,0,8,0,3,13,5,0
2024,5,16,10,30,0,8,0,3,14,5,0
2024,5,16,10,45,0,14,0,3,16,5,0
2024,5,16,11,0,0,14,0,3,14,5,0
2024,5,16,11,15,0,15,0,3,16,4,0
2024,5,16,11,30,0,13,0,3,15,4,0
2024,5,16,11,45,0,14,0,3,13,4,0
2024,5,16,12,0,0,17,0,3,16,4,0
2024,5,16,12,15,0,10,0,3,13,7,0
2024,5,16,12,30,0,11,0,3,12,6,0
2024,5,16,12,45,0,11,0,3,14,7,0
2024,5,16,13,0,0,10,0,3,15,11,0
2024,5,16,13,15,0,7,0,3,14,11,0
2024,5,16,13,30,0,4,0,3,14,9,0
2024,5,16,13,45,0,6,0,3,14,9,0
2024,5,16,14,0,0,5,0,3,12,6,0
2024,5,16,14,15,0,6,0,3,9,5,0
2024,5,16,14,30,0,6,0,3,10,7,0
2024,5,16,14,45,0,4,0,3,10,7,0
2024,5,16,15,0,0,5,0,3,9,13,0
2024,5,16,15,15,0,3,0,3,8,10,0
2024,5,16,15,30,0,6,0,3,11,11,0
2024,5,16,15,45,0,10,0,3,13,11,0
2024,5,16,16,0,0,12,0,3,13,11,0
2024,5,16,16,15,0,9,0,3,10,16,0
2024,5,16,16,30,0,9,0,3,11,19,0
2024,5,16,16,45,0,8,0,3,11,12,0
2024,5,16,17,0,0,3,0,3,9,11,0
2024,5,16,17,15,0,0,0,3,8,11,0
2024,5,16,17,30,0,0,0,3,11,19,0
2024,5,16,17,45,0,0,0,3,10,17,0
2024,5,16,18,0,0,13,0,3,20,19,0
2024,5,16,18,15,0,18,0,3,27,19,0
2024,5,16,18,30,0,25,0,3,26,19,0
2024,5,16,18,45,0,19,0,3,24,10,0
2024,5,16,19,0,0,9,0,3,15,12,0
2024,5,16,19,15,0,0,0,3,14,22,0
2024,5,16,19,30,0,6,0,3,18,19,0
2024,5,16,19,45,0,11,0,3,15,15,0
2024,5,16,20,0,0,10,0,3,22,10,0
2024,5,16,20,15,0,17,0,3,30,10,0
2024,5,16,20,30,0,20,0,3,22,11,0
2024,5,16,20,45,0,6,0,3,21,15,0
2024,5,16,21,0,0,0,0,3,20,12,0
2024,5,16,21,15,0,0,0,3,27,11,0
2024,5,16,21,30,0,8,0,3,25,11,0
2024,5,16,21,45,0,10,0,3,20,11,0
2024,5,16,22,0,0,18,0,3,23,13,0
2024,5,16,22,15,0,20,0,3,23,12,0
2024,5,16,22,30,0,15,0,3,19,12,0
2024,5,16,22,45,0,6,0,3,18,3,0
2024,5,16,23,0,0,4,0,3,11,2,0
2024,5,16,23,15,0,1,0,3,6,2,0
2024,5,16,23,30,0,1,0,3,3,1,0
2024,5,16,23,45,0,0,0,3,2,1,0
2024,5,16,0,0,0,0,0,3,0,1,0
2024,5,17,6,0,0,2,0,4,2,1,0
2024,5,17,6,15,0,2,0,4,4,2,0
2024,5,17,6,30,0,0,0,4,2,2,0
2024,5,17,6,45,0,0,0,4,2,7,0
2024,5,17,7,0,0,0,0,4,5,9,0
2024,5,17,7,15,0,0,0,4,9,10,0
2024,5,17,7,30,0,2,0,4,13,22,0
2024,5,17,7,45,0,2,0,4,12,18,0
2024,5,17,8,0,0,4,0,4,14,13,0
2024,5,17,8,15,0,0,0,4,14,13,0
2024,5,17,8,30,0,0,0,4,15,11,0
2024,5,17,8,45,0,5,0,4,16,10,0
2024,5,17,9,0,0,9,0,4,17,10,0
2024,5,17,9,15,0,17,0,4,16,11,0
2024,5,17,9,30,0,22,0,4,21,11,0
2024,5,17,9,45,0,10,0,4,11,14,0
2024,5,17,10,0,0,6,0,4,7,14,0
2024,5,17,10,15,0,0,0,4,7,16,0
2024,5,17,10,30,0,0,0,4,8,13,0
2024,5,17,10,45,0,0,0,4,10,17,0
2024,5,17,11,0,0,4,0,4,11,17,0
2024,5,17,11,15,0,9,0,4,10,20,0
2024,5,17,11,30,0,3,0,4,7,21,0
2024,5,17,11,45,0,0,0,4,8,22,0
2024,5,17,12,0,0,0,0,4,14,22,0
2024,5,17,12,15,0,0,0,4,14,13,0
2024,5,17,12,30,0,5,0,4,15,12,0
2024,5,17,12,45,0,10,0,4,16,12,0
2024,5,17,13,0,0,0,0,4,17,8,0
2024,5,17,13,15,0,0,0,4,13,8,0
2024,5,17,13,30,0,7,0,4,7,7,0
2024,5,17,13,45,0,7,0,4,7,10,0
2024,5,17,14,0,0,0,0,4,6,14,0
2024,5,17,14,15,0,0,0,4,9,14,0
2024,5,17,14,30,0,2,0,4,9,15,0
2024,5,17,14,45,0,14,0,4,9,16,0
2024,5,17,15,0,0,3,0,4,8,10,0
2024,5,17,15,15,0,0,0,4,8,11,0
2024,5,17,15,30,0,0,0,4,7,13,0
2024,5,17,15,45,0,0,0,4,7,13,0
2024,5,17,16,0,0,0,0,4,7,19,0
2024,5,17,16,15,0,0,0,4,8,22,0
2024,5,17,16,30,0,7,0,4,10,19,0
2024,5,17,16,45,0,6,0,4,11,12,0
2024,5,17,17,0,0,3,0,4,10,7,0
2024,5,17,17,15,0,3,0,4,9,7,0
2024,5,17,17,30,0,5,0,4,9,2,0
2024,5,17,17,45,0,5,0,4,9,3,0
2024,5,17,18,0,0,7,0,4,10,10,0
2024,5,17,18,15,0,11,0,4,13,12,0
2024,5,17,18,30,0,23,0,4,21,12,0
2024,5,17,18,45,0,9,0,4,15,14,0
2024,5,17,19,0,0,3,0,4,15,12,0
2024,5,17,19,15,0,0,0,4,18,15,0
2024,5,17,19,30,0,0,0,4,15,6,0
2024,5,17,19,45,0,24,0,4,25,6,0
2024,5,17,20,0,0,29,0,4,34,8,0
2024,5,17,20,15,0,8,0,4,20,8,0
2024,5,17,20,30,0,11,0,4,22,9,0
2024,5,17,20,45,0,0,0,4,21,20,0
2024,5,17,21,0,0,0,0,4,25,19,0
2024,5,17,21,15,0,6,0,4,27,14,0
2024,5,17,21,30,0,6,0,4,30,9,0
2024,5,17,21,45,0,13,0,4,31,5,0
2024,5,17,22,0,0,17,0,4,32,5,0
2024,5,17,22,15,0,14,0,4,33,4,0
2024,5,17,22,30,0,10,0,4,15,4,0
2024,5,17,22,45,0,6,0,4,11,3,0
2024,5,17,23,0,0,6,0,4,11,3,0
2024,5,17,23,15,0,2,0,4,6,3,0
2024,5,17,23,30,0,2,0,4,2,1,0
2024,5,17,23,45,0,0,0,4,2,1,0
2024,5,17,0,0,0,0,0,4,0,0,0
2024,5,18,6,0,0,0,0,5,0,0,0
2024,5,18,6,15,0,0,0,5,0,1,0
2024,5,18,6,30,0,0,0,5,2,1,0
2024,5,18,6,45,0,0,0,5,9,2,0
2024,5,18,7,0,0,8,0,5,12,5,0
2024,5,18,7,15,0,5,0,5,8,9,0
2024,5,18,7,30,0,8,0,5,9,9,0
2024,5,18,7,45,0,0,0,5,4,13,0
2024,5,18,8,0,0,0,0,5,3,15,0
2024,5,18,8,15,0,0,0,5,3,15,0
2024,5,18,8,30,0,0,0,5,4,14,0
2024,5,18,8,45,0,0,0,5,7,14,0
2024,5,18,9,0,0,0,0,5,7,14,0
2024,5,18,9,15,0,0,0,5,6,13,0
2024,5,18,9,30,0,0,0,5,7,13,0
2024,5,18,9,45,0,2,0,5,7,13,0
2024,5,18,10,0,0,2,0,5,8,8,0
2024,5,18,10,15,0,7,0,5,8,8,0
2024,5,18,10,30,0,11,0,5,11,8,0
2024,5,18,10,45,0,14,0,5,13,6,0
2024,5,18,11,0,0,18,0,5,20,6,0
2024,5,18,11,15,0,15,0,5,15,7,0
2024,5,18,11,30,0,14,0,5,19,7,0
2024,5,18,11,45,0,9,0,5,12,10,0
2024,5,18,12,0,0,0,0,5,10,11,0
2024,5,18,12,15,0,0,0,5,6,11,0
2024,5,18,12,30,0,0,0,5,6,9,0
2024,5,18,12,45,0,0,0,5,6,9,0
2024,5,18,13,0,0,0,0,5,7,7,0
2024,5,18,13,15,0,9,0,5,9,7,0
2024,5,18,13,30,0,11,0,5,12,7,0
2024,5,18,13,45,0,11,0,5,12,7,0
2024,5,18,14,0,0,13,0,5,15,6,0
2024,5,18,14,15,0,17,0,5,18,6,0
2024,5,18,14,30,0,17,0,5,21,6,0
2024,5,18,14,45,0,14,0,5,16,6,0
2024,5,18,15,0,0,11,0,5,15,4,0
2024,5,18,15,15,0,11,0,5,15,5,0
2024,5,18,15,30,0,11,0,5,14,5,0
2024,5,18,15,45,0,15,0,5,16,7,0
2024,5,18,16,0,0,15,0,5,16,7,0
2024,5,18,16,15,0,0,0,5,9,4,0
2024,5,18,16,30,0,0,0,5,7,4,0
2024,5,18,16,45,0,0,0,5,7,4,0
2024,5,18,17,0,0,0,0,5,5,4,0
2024,5,18,17,15,0,4,0,5,8,6,0
2024,5,18,17,30,0,8,0,5,9,7,0
2024,5,18,17,45,0,8,0,5,7,7,0
2024,5,18,18,0,0,8,0,5,12,4,0
2024,5,18,18,15,0,6,0,5,13,6,0
2024,5,18,18,30,0,9,0,5,13,6,0
2024,5,18,18,45,0,9,0,5,12,6,0
2024,5,18,19,0,0,9,0,5,14,6,0
2024,5,18,19,15,0,10,0,5,9,5,0
2024,5,18,19,30,0,11,0,5,11,5,0
2024,5,18,19,45,0,11,0,5,11,5,0
2024,5,18,20,0,0,7,0,5,12,5,0
2024,5,18,20,15,0,7,0,5,10,5,0
2024,5,18,20,30,0,9,0,5,8,6,0
2024,5,18,20,45,0,2,0,5,7,4,0
2024,5,18,21,0,0,2,0,5,6,4,0
2024,5,18,21,15,0,2,0,5,6,5,0
2024,5,18,21,30,0,0,0,5,6,5,0
2024,5,18,21,45,0,0,0,5,5,5,0
2024,5,18,22,0,0,0,0,5,5,4,0
2024,5,18,22,15,0,0,0,5,4,4,0
2024,5,18,22,30,0,0,0,5,4,2,0
2024,5,18,22,45,0,0,0,5,4,2,0
2024,5,18,23,0,0,0,0,5,3,1,0
2024,5,18,23,15,0,0,0,5,1,0,0
2024,5,18,23,30,0,0,0,5,1,0,0
2024,5,18,23,45,0,0,0,5,0,0,0
2024,5,18,0,0,0,0,0,5,0,0,0
2024,5,19,6,0,0,0,0,6,0,0,0
2024,5,19,6,15,0,0,0,6,0,0,0
2024,5,19,6,30,0,0,0,6,0,1,0
2024,5,19,6,45,0,0,0,6,1,2,0
2024,5,19,7,0,0,0,0,6,2,2,0
2024,5,19,7,15,0,0,0,6,5,4,0
2024,5,19,7,30,0,0,0,6,6,4,0
2024,5,19,7,45,0,0,0,6,4,5,0
2024,5,19,8,0,0,0,0,6,6,8,0
2024,5,19,8,15,0,0,0,6,6,8,0
2024,5,19,8,30,0,0,0,6,9,9,0
2024,5,19,8,45,0,0,0,6,10,12,0
2024,5,19,9,0,0,0,0,6,6,10,0
2024,5,19,9,15,0,0,0,6,4,9,0
2024,5,19,9,30,0,0,0,6,7,9,0
2024,5,19,9,45,0,2,0,6,6,9,0
2024,5,19,10,0,0,4,0,6,9,11,0
2024,5,19,10,15,0,5,0,6,9,11,0
2024,5,19,10,30,0,9,0,6,12,12,0
2024,5,19,10,45,0,8,0,6,11,8,0
2024,5,19,11,0,0,7,0,6,10,8,0
2024,5,19,11,15,0,7,0,6,8,8,0
2024,5,19,11,30,0,5,0,6,9,5,0
2024,5,19,11,45,0,4,0,6,12,5,0
2024,5,19,12,0,0,0,0,6,11,6,0
2024,5,19,12,15,0,0,0,6,5,6,0
2024,5,19,12,30,0,0,0,6,4,6,0
2024,5,19,12,45,0,0,0,6,4,6,0
2024,5,19,13,0,0,0,0,6,8,8,0
2024,5,19,13,15,0,3,0,6,8,8,0
2024,5,19,13,30,0,7,0,6,10,7,0
2024,5,19,13,45,0,5,0,6,6,6,0
2024,5,19,14,0,0,5,0,6,7,8,0
2024,5,19,14,15,0,8,0,6,14,8,0
2024,5,19,14,30,0,10,0,6,14,8,0
2024,5,19,14,45,0,9,0,6,13,6,0
2024,5,19,15,0,0,10,0,6,14,5,0
2024,5,19,15,15,0,10,0,6,13,6,0
2024,5,19,15,30,0,8,0,6,14,6,0
2024,5,19,15,45,0,9,0,6,12,5,0
2024,5,19,16,0,0,6,0,6,11,7,0
2024,5,19,16,15,0,0,0,6,10,5,0
2024,5,19,16,30,0,0,0,6,7,5,0
2024,5,19,16,45,0,0,0,6,5,6,0
2024,5,19,17,0,0,0,0,6,5,6,0
2024,5,19,17,15,0,3,0,6,5,5,0
2024,5,19,17,30,0,4,0,6,7,7,0
2024,5,19,17,45,0,5,0,6,7,7,0
2024,5,19,18,0,0,8,0,6,11,7,0
2024,5,19,18,15,0,9,0,6,12,7,0
2024,5,19,18,30,0,9,0,6,14,7,0
2024,5,19,18,45,0,7,0,6,14,10,0
2024,5,19,19,0,0,8,0,6,13,10,0
2024,5,19,19,15,0,11,0,6,13,11,0
2024,5,19,19,30,0,8,0,6,12,11,0
2024,5,19,19,45,0,7,0,6,11,10,0
2024,5,19,20,0,0,7,0,6,10,6,0
2024,5,19,20,15,0,7,0,6,11,6,0
2024,5,19,20,30,0,6,0,6,8,6,0
2024,5,19,20,45,0,3,0,6,8,5,0
2024,5,19,21,0,0,0,0,6,8,5,0
2024,5,19,21,15,0,0,0,6,5,4,0
2024,5,19,21,30,0,0,0,6,4,2,0
2024,5,19,21,45,0,0,0,6,5,2,0
2024,5,19,22,0,0,0,0,6,4,2,0
2024,5,19,22,15,0,0,0,6,4,2,0
2024,5,19,22,30,0,0,0,6,2,1,0
2024,5,19,22,45,0,0,0,6,2,1,0
2024,5,19,23,0,0,0,0,6,0,0,0
2024,5,19,23,15,0,0,0,6,0,0,0
2024,5,19,23,30,0,0,0,6,0,0,0
2024,5,19,23,45,0,0,0,6,0,0,0
2024,5,19,0,0,0,0,0,6,0,0,0
